<metadata xml:lang="en"><Esri><CreaDate>20190822</CreaDate><CreaTime>07404000</CreaTime><ArcGISFormat>1.0</ArcGISFormat><ArcGISstyle>FGDC CSDGM Metadata</ArcGISstyle><SyncOnce>FALSE</SyncOnce><DataProperties><itemProps><itemName Sync="TRUE">nlcd_2016_treecanopy_2019_08_22.img</itemName><itemLocation><linkage Sync="TRUE">file://\\166.2.126.77\tcc\TCC2016_CONUS\FINAL_TCC_IMAGES\Cartographic_NLCD\nlcd_2016_treecanopy_2019_08_22.img</linkage><protocol Sync="TRUE">Local Area Network</protocol></itemLocation><nativeExtBox><westBL Sync="TRUE">-2493045.000000</westBL><eastBL Sync="TRUE">2342655.000000</eastBL><southBL Sync="TRUE">177285.000000</southBL><northBL Sync="TRUE">3310005.000000</northBL><exTypeCode Sync="TRUE">1</exTypeCode></nativeExtBox><imsContentType Sync="TRUE">002</imsContentType></itemProps><coordRef><type Sync="TRUE">Projected</type><geogcsn Sync="TRUE">GCS_North_American_1983</geogcsn><csUnits Sync="TRUE">Linear Unit: Meter (1.000000)</csUnits><projcsn Sync="TRUE">Albers_Conical_Equal_Area</projcsn><peXml Sync="TRUE">&lt;ProjectedCoordinateSystem xsi:type='typens:ProjectedCoordinateSystem' xmlns:xsi='http://www.w3.org/2001/XMLSchema-instance' xmlns:xs='http://www.w3.org/2001/XMLSchema' xmlns:typens='http://www.esri.com/schemas/ArcGIS/10.5'&gt;&lt;WKT&gt;PROJCS[&amp;quot;Albers_Conical_Equal_Area&amp;quot;,GEOGCS[&amp;quot;GCS_North_American_1983&amp;quot;,DATUM[&amp;quot;D_North_American_1983&amp;quot;,SPHEROID[&amp;quot;GRS_1980&amp;quot;,6378137.0,298.257222101]],PRIMEM[&amp;quot;Greenwich&amp;quot;,0.0],UNIT[&amp;quot;Degree&amp;quot;,0.0174532925199433]],PROJECTION[&amp;quot;Albers&amp;quot;],PARAMETER[&amp;quot;false_easting&amp;quot;,0.0],PARAMETER[&amp;quot;false_northing&amp;quot;,0.0],PARAMETER[&amp;quot;central_meridian&amp;quot;,-96.0],PARAMETER[&amp;quot;standard_parallel_1&amp;quot;,29.5],PARAMETER[&amp;quot;standard_parallel_2&amp;quot;,45.5],PARAMETER[&amp;quot;latitude_of_origin&amp;quot;,23.0],UNIT[&amp;quot;Meter&amp;quot;,1.0]]&lt;/WKT&gt;&lt;XOrigin&gt;-16901100&lt;/XOrigin&gt;&lt;YOrigin&gt;-6972200&lt;/YOrigin&gt;&lt;XYScale&gt;266467840.99085236&lt;/XYScale&gt;&lt;ZOrigin&gt;-100000&lt;/ZOrigin&gt;&lt;ZScale&gt;10000&lt;/ZScale&gt;&lt;MOrigin&gt;-100000&lt;/MOrigin&gt;&lt;MScale&gt;10000&lt;/MScale&gt;&lt;XYTolerance&gt;0.001&lt;/XYTolerance&gt;&lt;ZTolerance&gt;0.001&lt;/ZTolerance&gt;&lt;MTolerance&gt;0.001&lt;/MTolerance&gt;&lt;HighPrecision&gt;true&lt;/HighPrecision&gt;&lt;/ProjectedCoordinateSystem&gt;</peXml></coordRef><RasterProperties><General><PixelDepth Sync="TRUE">8</PixelDepth><HasColormap Sync="TRUE">TRUE</HasColormap><CompressionType Sync="TRUE">None</CompressionType><NumBands Sync="TRUE">1</NumBands><Format Sync="TRUE">IMAGINE Image</Format><HasPyramids Sync="TRUE">TRUE</HasPyramids><SourceType Sync="TRUE">discrete</SourceType><PixelType Sync="TRUE">unsigned integer</PixelType><NoDataValue Sync="TRUE"/></General></RasterProperties></DataProperties><SyncDate>20190822</SyncDate><SyncTime>07412800</SyncTime><ModDate>20190822</ModDate><ModTime>7420500</ModTime><scaleRange><minScale>150000000</minScale><maxScale>5000</maxScale></scaleRange><ArcGISProfile>FGDC</ArcGISProfile></Esri><mdLang><languageCode value="eng"/><countryCode value="USA" Sync="TRUE"/></mdLang><mdChar><CharSetCd value="004"/></mdChar><mdHrLv><ScopeCd value="005"/></mdHrLv><mdContact><rpOrgName>U. S. Geological Survery</rpOrgName><rpCntInfo><cntAddress addressType="both"><delPoint>USGS/EROS</delPoint><city>Sioux Falls</city><adminArea>SD</adminArea><postCode>57192-0001</postCode><eMailAdd>custserv@usgs.gov</eMailAdd><country>US</country><delPoint>47914 252nd Street</delPoint></cntAddress><cntPhone><voiceNum>605-594-6151</voiceNum><faxNum>605-594-6589</faxNum><voiceNum tddtty="True">605-594-6933</voiceNum></cntPhone><cntHours>0800 - 1600 CT, M -- F (-6h CST/-5h CDT GMT)</cntHours><cntInstr>The USGS point of contact is for questions relating to the data display and download from this web site. For questions regarding data content and quality, email:  mrlc@usgs.gov</cntInstr></rpCntInfo><role><RoleCd value="007"/></role><displayName>U.S. Geological Survey</displayName><rpPosName>Customer Service Representative</rpPosName><displayName>U. S. Geological Survery</displayName></mdContact><mdStanName>ArcGIS Metadata</mdStanName><mdStanVer>1.0</mdStanVer><distInfo><distributor><distorCont><rpOrgName>U. S. Geological Survery</rpOrgName><rpCntInfo><cntAddress addressType="both"><delPoint>USGS/EROS</delPoint><city>Sioux Falls</city><adminArea>SD</adminArea><postCode>57192-0001</postCode><eMailAdd>custserv@usgs.gov</eMailAdd><country>US</country><delPoint>47914 252nd Street</delPoint></cntAddress><cntPhone><voiceNum>605-594-6151</voiceNum><faxNum>605-594-6589</faxNum><voiceNum tddtty="True">605-594-6933</voiceNum></cntPhone><cntHours>0800 - 1600 CT, M -- F (-6h CST/-5h CDT GMT)</cntHours><cntInstr>The USGS point of contact is for questions relating to the data display and download from this web site. For questions regarding data content and quality, email:  mrlc@usgs.gov</cntInstr></rpCntInfo><role><RoleCd value="005"/></role><displayName>U.S. Geological Survey</displayName><rpPosName>Customer Service Representative</rpPosName><displayName>U. S. Geological Survery</displayName><displayName>U. S. Geological Survery</displayName></distorCont></distributor><distFormat><formatName Sync="TRUE">Raster Dataset</formatName></distFormat></distInfo><dataIdInfo><idCitation><resTitle Sync="FALSE">NLCD 2016 Tree Canopy Cover (CONUS)</resTitle><date><pubDate>2019-08-31T00:00:00</pubDate></date><resEd>1.0</resEd><presForm><PresFormCd value="005"/></presForm><presForm><fgdcGeoform>raster digital data</fgdcGeoform></presForm><datasetSeries><seriesName>none</seriesName><issId>none</issId></datasetSeries><collTitle>NLCD TCC 2016</collTitle><citRespParty><rpOrgName>U. S. Geological Survery</rpOrgName><rpCntInfo><cntAddress addressType="both"><delPoint>USGS/EROS</delPoint><city>Sioux Falls</city><adminArea>SD</adminArea><postCode>57192-0001</postCode><eMailAdd>custserv@usgs.gov</eMailAdd><country>US</country><delPoint>47914 252nd Street</delPoint></cntAddress><cntPhone><voiceNum>605-594-6151</voiceNum><faxNum>605-594-6589</faxNum><voiceNum tddtty="True">605-594-6933</voiceNum></cntPhone><cntHours>0800 - 1600 CT, M -- F (-6h CST/-5h CDT GMT)</cntHours><cntInstr>The USGS point of contact is for questions relating to the data display and download from this web site. For questions regarding data content and quality, email:  mrlc@usgs.gov</cntInstr></rpCntInfo><role><RoleCd value="010"/></role><displayName>U.S. Geological Survey</displayName><rpPosName>Customer Service Representative</rpPosName></citRespParty></idCitation><idAbs>&lt;DIV STYLE="text-align:Left;"&gt;&lt;DIV&gt;&lt;DIV&gt;&lt;P&gt;&lt;SPAN&gt;Percent tree canopy cover is a measure of local tree density that has a variety of applications in wildlife habitat analysis, fire behavior modeling, carbon accounting, and hydrologic analysis. Using medium spatial resolution imagery (30m) from Landsat, we have produced consistent, seamless per-pixel estimates of percent tree canopy cover ranging from 0 to 100 percent. This dataset is part of the larger National Land Cover Database (NLCD) that also includes information on land cover, percent imperviousness, and percent shrub/grass. The NLCD effort is coordinated by a partnership of federal agencies called the Multi-Resolution Land Characteristics (MRLC) Consortium (&lt;/SPAN&gt;&lt;A href="http://www.mrlc.gov"&gt;&lt;SPAN&gt;&lt;SPAN&gt;www.mrlc.gov&lt;/SPAN&gt;&lt;/SPAN&gt;&lt;/A&gt;&lt;SPAN&gt;).&lt;/SPAN&gt;&lt;/P&gt;&lt;P&gt;&lt;SPAN&gt;The U.S. Forest Service (USFS) built multiple versions of percent tree canopy cover data, including the tree canopy cover data that are included with the NLCD. The NLCD tree canopy cover data were designed as an integrated data stack for users in the NLCD community who are in need of coordinated datasets/layers that have the characteristic of “Time 1 TCC + change in TCC = Time 2 TCC”. &lt;/SPAN&gt;&lt;/P&gt;&lt;P&gt;&lt;SPAN&gt;In addition to the NLCD tree canopy cover products, the USFS built and distributes “Analytical” and “Cartographic” versions of the tree canopy cover products. The “Analytical” version of the USFS tree canopy cover data prioritizes objectivity and statistics over visual appearance of the product. The “Cartographic” version of the USFS tree canopy cover data includes masking of some of the TCC values output from the modeling process, and it prioritizes the visual appearance of the TCC maps for cartographic uses. The “Analytic” and “Cartographic” versions of the datasets were documented and are described in more detail and available at &lt;/SPAN&gt;&lt;A href="https://data.fs.usda.gov/geodata/rastergateway/treecanopycover/"&gt;&lt;SPAN&gt;&lt;SPAN&gt;https://data.fs.usda.gov/geodata/rastergateway/treecanopycover/&lt;/SPAN&gt;&lt;/SPAN&gt;&lt;/A&gt;&lt;SPAN&gt;&lt;SPAN&gt;, while the NLCD tree canopy cover products are available through the Multi-Resolution Land Characteristics Consortium (MRLC) at &lt;/SPAN&gt;&lt;/SPAN&gt;&lt;A href="http://www.mrlc.gov"&gt;&lt;SPAN&gt;&lt;SPAN&gt;www.mrlc.gov&lt;/SPAN&gt;&lt;/SPAN&gt;&lt;/A&gt;&lt;SPAN&gt;&lt;SPAN&gt;.&lt;/SPAN&gt;&lt;/SPAN&gt;&lt;/P&gt;&lt;/DIV&gt;&lt;/DIV&gt;&lt;/DIV&gt;</idAbs><idPurp>The goal of this project is to provide the Nation with complete, current and consistent public domain information on its tree canopy cover.</idPurp><idCredit>Funding for this project was provided by the U.S. Forest Service (USFS). RedCastle Resources, Inc. produced the dataset under contract to the USFS Geospatial Technology and Applications Center.</idCredit><resMaint><maintFreq><MaintFreqCd value="009"/></maintFreq></resMaint><placeKeys><thesaName><resTitle>U.S. Department of Commerce, 1995, Countries, dependencies, areas of special sovereignty, and their principal administrative divisions, Federal Information Processing Standard 10-4: Washington, D.C., National Institute of Standards and Technology</resTitle></thesaName><keyword>Conterminous United States</keyword><keyword>United States of America</keyword><keyword>USA</keyword><keyword>US</keyword><keyword>U.S.A.</keyword><keyword>United States</keyword><keyword>U.S.</keyword></placeKeys><themeKeys><keyword>GIS</keyword><keyword>Remote Sensing</keyword><keyword>Tree Canopy Cover</keyword><keyword>Tree Density</keyword><keyword>Percent Tree Canopy</keyword><keyword>Continuous</keyword><keyword>Digital Spatial Data</keyword></themeKeys><themeKeys><thesaName><resTitle>ISO 19115 Category</resTitle></thesaName><keyword>EarthCover</keyword><keyword>BaseMaps</keyword><keyword>Environment</keyword><keyword>Imagery</keyword></themeKeys><themeKeys><thesaName><resTitle>NGDA Portfolio Themes</resTitle></thesaName><keyword>Land Use Land Cover Theme</keyword><keyword>National Geospatial Data Asset</keyword><keyword>NGDA</keyword></themeKeys><searchKeys><keyword>Land Use Land Cover Theme</keyword><keyword>GIS</keyword><keyword>Remote Sensing</keyword><keyword>Tree Canopy Cover</keyword><keyword>EarthCover</keyword><keyword>Conterminous United States</keyword><keyword>Tree Density</keyword><keyword>United States of America</keyword><keyword>National Geospatial Data Asset</keyword><keyword>USA</keyword><keyword>US</keyword><keyword>U.S.A.</keyword><keyword>Percent Tree Canopy</keyword><keyword>United States</keyword><keyword>BaseMaps</keyword><keyword>U.S.</keyword><keyword>Environment</keyword><keyword>Continuous</keyword><keyword>NGDA</keyword><keyword>Imagery</keyword><keyword>Digital Spatial Data</keyword></searchKeys><resConst><LegConsts xmlns=""><useLimit>See access and use constraints information.</useLimit></LegConsts></resConst><resConst><SecConsts xmlns=""><class><ClasscationCd value="001"/></class><classSys>none</classSys><handDesc>n/a</handDesc></SecConsts></resConst><resConst><Consts xmlns=""><useLimit>&lt;DIV STYLE="text-align:Left;"&gt;&lt;DIV&gt;&lt;DIV&gt;&lt;P&gt;&lt;SPAN&gt;These data were collected using funding from the U.S. Government and can be used without additional permissions or fees. If you use these data in a publication, presentation, or other research product please use the following citation: &lt;/SPAN&gt;&lt;/P&gt;&lt;P&gt;&lt;SPAN&gt;  USDA Forest Service. 2019. NLCD 2016 Tree Canopy Cover (CONUS). Salt Lake City, UT.&lt;/SPAN&gt;&lt;SPAN /&gt;&lt;SPAN /&gt;&lt;/P&gt;&lt;P&gt;&lt;SPAN&gt;Appropriate use includes regional to national assessments of tree cover, total extent of tree cover, aggregated summaries of tree cover, and construction of cartographic products&lt;/SPAN&gt;&lt;/P&gt;&lt;/DIV&gt;&lt;/DIV&gt;&lt;/DIV&gt;</useLimit></Consts></resConst><aggrInfo><aggrDSName><resTitle>NLCD 2016</resTitle><date><pubDate>2019-05-01T00:00:00</pubDate></date><resEd>5.0</resEd><presForm><PresFormCd value="005"/></presForm><presForm><fgdcGeoform>raster digital data</fgdcGeoform></presForm><datasetSeries><seriesName>none</seriesName><issId>none</issId></datasetSeries><otherCitDet>References: 
Yang, L., et al. (2018). "A new generation of the United States National Land Cover Database: Requirements, research priorities, design, and implementation strategies." ISPRS Journal of Photogrammetry and Remote Sensing 146: 108-123.</otherCitDet><citOnlineRes><linkage>www.mrlc.gov</linkage></citOnlineRes><citRespParty><rpOrgName>U. S. Geological Survery</rpOrgName><rpCntInfo><cntAddress addressType="both"><delPoint>USGS/EROS</delPoint><city>Sioux Falls</city><adminArea>SD</adminArea><postCode>57192-0001</postCode><eMailAdd>custserv@usgs.gov</eMailAdd><country>US</country><delPoint>47914 252nd Street</delPoint></cntAddress><cntPhone><voiceNum>605-594-6151</voiceNum><faxNum>605-594-6589</faxNum><voiceNum tddtty="True">605-594-6933</voiceNum></cntPhone><cntHours>0800 - 1600 CT, M -- F (-6h CST/-5h CDT GMT)</cntHours><cntInstr>The USGS point of contact is for questions relating to the data display and download from this web site. For questions regarding data content and quality, email:  mrlc@usgs.gov</cntInstr></rpCntInfo><role><RoleCd value="007"/></role><displayName>U.S. Geological Survey</displayName><rpPosName>Customer Service Representative</rpPosName><displayName>U. S. Geological Survery</displayName><displayName>U. S. Geological Survery</displayName><displayName>U. S. Geological Survery</displayName></citRespParty></aggrDSName><assocType><AscTypeCd value="002"/></assocType></aggrInfo><dataLang><languageCode value="eng"/><countryCode value="USA" Sync="TRUE"/></dataLang><dataExt><geoEle><GeoBndBox><westBL>-130.232828</westBL><eastBL>-63.672192</eastBL><southBL>21.742308</southBL><northBL>52.877264</northBL></GeoBndBox></geoEle></dataExt><dataExt><exDesc>Ground condition</exDesc><tempEle><TempExtent><exTemp><TM_Period><tmBegin>2013-04-14</tmBegin><tmEnd>2016-11-22</tmEnd></TM_Period></exTemp></TempExtent></tempEle></dataExt><suppInfo>Corner Coordinates (center of pixel, meters): upper left: -2362845 (X), 3180555 (Y); lower right: 2266440 (X), 251175 (Y).</suppInfo><dataChar><CharSetCd value="004"/></dataChar><idPoC><rpOrgName>U. S. Geological Survery</rpOrgName><rpCntInfo><cntAddress addressType="both"><delPoint>USGS/EROS</delPoint><city>Sioux Falls</city><adminArea>SD</adminArea><postCode>57192-0001</postCode><eMailAdd>custserv@usgs.gov</eMailAdd><country>US</country><delPoint>47914 252nd Street</delPoint></cntAddress><cntPhone><voiceNum>605-594-6151</voiceNum><faxNum>605-594-6589</faxNum><voiceNum tddtty="True">605-594-6933</voiceNum></cntPhone><cntHours>0800 - 1600 CT, M -- F (-6h CST/-5h CDT GMT)</cntHours><cntInstr>The USGS point of contact is for questions relating to the data display and download from this web site. For questions regarding data content and quality, email:  mrlc@usgs.gov</cntInstr></rpCntInfo><role><RoleCd value="007"/></role><displayName>U.S. Geological Survey</displayName><rpPosName>Customer Service Representative</rpPosName><displayName>U. S. Geological Survery</displayName><displayName>U. S. Geological Survery</displayName></idPoC><envirDesc Sync="TRUE"> Version 6.2 (Build 9200) ; Esri ArcGIS 10.5.1.7333</envirDesc><spatRpType><SpatRepTypCd value="002" Sync="TRUE"/></spatRpType><dataExt><geoEle xmlns=""><GeoBndBox esriExtentType="search"><exTypeCode Sync="TRUE">1</exTypeCode><westBL Sync="TRUE">-130.232828</westBL><eastBL Sync="TRUE">-63.672192</eastBL><northBL Sync="TRUE">52.877264</northBL><southBL Sync="TRUE">21.742308</southBL></GeoBndBox></geoEle></dataExt><tpCat><TopicCatCd value="007"/></tpCat><tpCat><TopicCatCd value="010"/></tpCat></dataIdInfo><mdConst><LegConsts><accessConsts><RestrictCd value="008"/></accessConsts><othConsts>There are no restrictions to access for this metadata.</othConsts></LegConsts></mdConst><dqInfo><dqScope><scpLvl><ScopeCd value="005"/></scpLvl></dqScope><report type="DQCompOm"><measDesc>Data is for the conterminous United States only (lower 48 states and District of Columbia).</measDesc></report><report type="DQQuanAttAcc"><measDesc>No formal, independent accuracy assessment of this product has been made at the time of publication. However, an assessment is planned. Users should check at www.mrlc.gov or send an inquiry to the metadata contact to inquire if new accuracy information is available. The random forests regression algorithm (R Core Team 2017; Cutler et al. 2007; Breiman 2001) employed in creating this product calculates the mean of squared residuals along with percent variability explained by the model for assessing prediction reliability. The random forests models consisted of 500 decision trees, which were used to determine the final response value. The response of each tree depended on a randomly chosen subset of predictor variables chosen independently (with replacement) for evaluation by that tree. The responses of the trees were averaged to obtain an estimate of the dependent variable. Because the random forests bias correction option was used, it was possible to obtain estimates less than 0 or greater than 100. These estimates were reset to either 0 or 100. The estimates were also rounded to the nearest integer. The standard error is the square root of the variance of the estimates given by all trees. A summary of the random forests models is available in the supplemental metadata for the “FS-Analytical” version of the TCC products. 


References:
Breiman, L. 2001. Random forests. Machine Learning 45:1532. 

Cutler, R.D.; Edwards, T.C.; Beard, K.H.; Cutler, A.; Hess, K.T.; Gibson, J.; Lawler, J.J. 2007. Random forests for classification in ecology. Ecology 88 (11):2783-2792. 

R Core Team. 2017. R: A language and environment for statistical computing. R Foundation for Statistical Computing, Vienna, Austria. URL www.R-project.org</measDesc></report><dataLineage><dataSource><srcDesc>elevation data</srcDesc><srcCitatn><resTitle>Digital Elevation Model (DEM)</resTitle><resAltTitle>DEM</resAltTitle><citRespParty><rpOrgName>U.S. Geological Survey Publication_Date: unpublished material</rpOrgName><role><RoleCd value="006"/></role></citRespParty><presForm><PresFormCd value="005"/></presForm><presForm><fgdcGeoform>raster digital data</fgdcGeoform></presForm></srcCitatn></dataSource><dataSource><srcCitatn><resTitle>National Agricultural Statistics Service, 2014-2016 Cultivated Layer</resTitle><date><pubDate>2017-01-30</pubDate></date><citRespParty><rpOrgName>National Agricultural Statistics Service, 2014-2016 Cultivated Layer</rpOrgName><role><RoleCd value="006"/></role></citRespParty></srcCitatn></dataSource><dataSource><srcDesc>land cover information</srcDesc><srcCitatn><resTitle>NLCD 2011 Land Cover</resTitle><resAltTitle>NLCD11LC</resAltTitle><date><pubDate>2011-01-01</pubDate></date><citRespParty><rpOrgName>Multi-Resolution Land Characteristics Consortium (MRLC)</rpOrgName><role><RoleCd value="006"/></role></citRespParty><citRespParty><rpOrgName>U.S. Geological Survey</rpOrgName><rpCntInfo><cntAddress><delPoint>Sioux Falls, SD</delPoint></cntAddress></rpCntInfo><role><RoleCd value="010"/></role></citRespParty><presForm><PresFormCd value="005"/></presForm><presForm><fgdcGeoform>raster digital data</fgdcGeoform></presForm></srcCitatn></dataSource><dataSource><srcDesc>spectral information</srcDesc><srcCitatn><resTitle>Landsat 8 OLI Composite Imagery</resTitle><resAltTitle>L8OLIComp</resAltTitle><date><pubDate date="inapplicable"/></date><citRespParty><rpOrgName>U.S. Forest Service Geospatial Technology and Applications Center</rpOrgName><role><RoleCd value="006"/></role></citRespParty><presForm><PresFormCd value="005"/></presForm><presForm><fgdcGeoform>raster digital data</fgdcGeoform></presForm></srcCitatn></dataSource><dataSource><srcDesc>mapping area extents</srcDesc><srcCitatn><resTitle>USGS Mapping Zones</resTitle><resAltTitle>MA</resAltTitle><date><pubDate>2001-01-01</pubDate></date><citRespParty><rpOrgName>U.S. Geological Survey</rpOrgName><role><RoleCd value="006"/></role></citRespParty><presForm><PresFormCd value="005"/></presForm><presForm><fgdcGeoform>vector digital data</fgdcGeoform></presForm></srcCitatn></dataSource><dataSource><srcDesc>canopy cover estimate (training/validation)</srcDesc><srcCitatn><resTitle>Photo-interpreted Canopy Cover (FIA)</resTitle><resAltTitle>FIACC</resAltTitle><date><pubDate date="inapplicable"/></date><citRespParty><rpOrgName>U.S. Forest Service Forest Inventory and Analysis Program</rpOrgName><role><RoleCd value="006"/></role></citRespParty><presForm><PresFormCd value="005"/></presForm><presForm><fgdcGeoform>vector digital data</fgdcGeoform></presForm></srcCitatn></dataSource><dataSource><srcDesc>spectral information</srcDesc><srcCitatn><resTitle>Landsat 8 Operational Land Imager</resTitle><resAltTitle>L8OLI</resAltTitle><date><pubDate date="unknown"/></date><citRespParty><rpOrgName>U.S. Geological Survey</rpOrgName><role><RoleCd value="006"/></role></citRespParty><citRespParty><rpOrgName>U.S. Geological Survey</rpOrgName><rpCntInfo><cntAddress><delPoint>Sioux Falls, SD</delPoint></cntAddress></rpCntInfo><role><RoleCd value="010"/></role></citRespParty><presForm><PresFormCd value="005"/></presForm><presForm><fgdcGeoform>raster digital data</fgdcGeoform></presForm></srcCitatn></dataSource><dataSource><srcDesc>spectral information</srcDesc><srcCitatn><resTitle>Landsat 8 Harmonic Regression Coefficients (2014-2016)</resTitle><resAltTitle>L8HR</resAltTitle><date><pubDate date="inapplicable"/></date><citRespParty><rpOrgName>Oregon State University  Department of Forest Ecosystems and Society</rpOrgName><role><RoleCd value="006"/></role></citRespParty><presForm><PresFormCd value="005"/></presForm><presForm><fgdcGeoform>raster digital data</fgdcGeoform></presForm></srcCitatn></dataSource><prcStep><stepDesc>Creation of DEM derivatives. A CONUS-wide 30-m DEM was provided by USGS for this project. Slope, aspect, and the sine and cosine of aspect were calculated for each pixel following industry standards. Each of these data layers was subset to individual WRS-2 path/row boundaries for use in subsequent processes.</stepDesc><stepDateTm>2013-01-01T00:00:00</stepDateTm><stepSrc type="used"><srcCitatn><resAltTitle>DEM</resAltTitle></srcCitatn></stepSrc><stepSrc type="produced"><srcCitatn><resAltTitle>Aspect</resAltTitle></srcCitatn></stepSrc><stepSrc type="produced"><srcCitatn><resAltTitle>AspSin</resAltTitle></srcCitatn></stepSrc><stepSrc type="produced"><srcCitatn><resAltTitle>Slope</resAltTitle></srcCitatn></stepSrc><stepSrc type="produced"><srcCitatn><resAltTitle>AspCos</resAltTitle></srcCitatn></stepSrc></prcStep><prcStep><stepDesc>Creation of Landsat OLI derivatives. Spectral derivative images were calculated from the Landsat OLI composite image for each WRS-2 path/row. NDMI (normalized difference moisture index), NDVI (normalized difference vegetation index), and the 3-band tasseled cap transformation (Baig et al. 2014) were calculated following industry standards. 


References:
Baig, M.H.A.; Zhang, L.; Shuai, T.; Tong, Q. 2014 Derivation of a tasselled cap transformation based on Landsat 8 at-satellite reflectance, Remote Sensing Letters 5(5):423-431</stepDesc><stepSrc type="used"><srcCitatn><resAltTitle>L8OLI Comp Process_Date: 20170801</resAltTitle></srcCitatn></stepSrc><stepSrc type="produced"><srcCitatn><resAltTitle>NDMI</resAltTitle></srcCitatn></stepSrc><stepSrc type="produced"><srcCitatn><resAltTitle>TasCap</resAltTitle></srcCitatn></stepSrc><stepSrc type="produced"><srcCitatn><resAltTitle>NDVI</resAltTitle></srcCitatn></stepSrc><stepDateTm>2017-07-01T00:00:00</stepDateTm></prcStep><prcStep><stepDesc>Creation of Landsat OLI composite. Landsat 8 OLI scenes collected during the growing season between the years 2013 and 2016 were selected and transformed to top-of-atmosphere (Chander et al. 2009) for each WRS-2 path/row. The selection process favored scenes with minimal cloud cover and with NDVI values near the annual peak for the dominant forest cover type. Remaining clouds were removed using the Fmask 2.2 tool (Zhu and Woodcock 2012). Each set of landsat scenes for a WRS-2 path/row was combined to form a cloud-free composite image using a median value as described by Ruefenacht (2016). 


References:
Chander, G.; Markham, B.L.; Helder, D.L. 2009. Summary of current radiometric calibration coefficients for Landsat MSS, TM, ETM+, and EO-1 ALI sensors. Remote Sensing of Environment 113(2009): 893-903. 

Ruefenacht, B. 2016. Comparison of three Landsat TM compositing methods: a case study using modeled tree canopy cover. Photogrammetric Engineering &amp; Remote Sensing 82(3):199-211. 

Zhu, Z.; Woodcock, C.E. 2012. Object-based cloud and cloud shadow detection in Landsat imagery. Remote Sensing of Environment. 118(2012): 83-94.</stepDesc><stepDateTm>2017-07-01T00:00:00</stepDateTm><stepSrc type="used"><srcCitatn><resAltTitle>L8OLI</resAltTitle></srcCitatn></stepSrc><stepSrc type="produced"><srcCitatn><resAltTitle>L8OLIComp</resAltTitle></srcCitatn></stepSrc></prcStep><prcStep><stepDesc>Creation of percent tree canopy cover dataset (main process). The NLCD 2016 percent tree canopy cover (TCC 2016) CONUS dataset was created piecewise for 68 zones (Homer and Gallant, 2001). Each zone was extended to include the footprint of all WRS-2 path/rows. We refer hereafter to these extended zones as &amp;ldquo;mapping areas&amp;rdquo;. Each mapping area included between 9 and 27 WRS-2 path/rows. The final dataset is a mosaic of tree canopy cover values for all the WRS-2 path/rows.

Seven major steps were employed to map tree canopy cover: collection of reference data, acquisition and/or creation of predictor layers, calibration of random forests regression models for each mapping area using reference data and predictor layers, application of those models to predict per-pixel tree canopy cover across the entire mapping area, development of thresholds for filtering pixels with high uncertainty, and creation of the CONUS-wide mosaic. A seventh step was applied to build a three-layer integrated data stack, of which this 2016 NLCD TCC dataset is a component. This 2016 NLCD dataset is one of three integrated layers that were designed to fit the criterion of “Time 1 + change = Time 2”, a need of many of NLCD users. The methodology is described further below and in Coulston et al. (2012) and Ruefenacht (2016).

Step 1: Reference data for the nominal 2016 TCC products were generated via photographic interpretation of high spatial resolution images acquired by the National Agricultural Imagery Program (NAIP). The initial reference data were collected and supplied by the U.S. Forest Service Forest Inventory and Analysis (FIA) program. Of the initial 63,000 sites, about 2100 sites were identified as potentially changed between the nominal years of 2011 and 2016, through analysis of fire and NDVI data. For those sites identified as potentially changed, remote sensing analysts reviewed and then reinterpreted the tree canopy cover conditions if needed. The spatial distribution of the sample points follows the FIA quasi-systematic grid (Brand et al. 2000).

Step 2: Predictor layers included Landsat 8 OLI composite imagery and spectral derivatives thereof (NDMI, NDVI, and tasseled cap); elevation data and spatial derivatives thereof (slope, aspect, sine of aspect, cosine of aspect); EWMA (exponentially weighted moving average) data, provided by and generated by Oregon State University through an implementation of a harmonic regression-based algorithm (Brooks et al. 2012) built by Virginia Polytechnic University. The processes for creating the derived layers are described separately (see related Process Steps).

Step 3: Modeling was carried out using the random forests regression algorithm (R Core Team 2017; Breiman 2001) with the bias correction option as outlined in the Attribute Accuracy Report above.

Step 4: The models were applied to individual WRS-2 path/rows intersecting each mapping area, producing a 2-layered image. The first layer was the random forests regressions estimate of tree canopy cover and the second layer was the standard error, which is the per-pixel square root of the variance of the random forests regression estimates from the individual trees.

Step 5: Threshold values were determined for each of the mapping areas using data from 500 runs of the random forests regression algorithm on bootstrap samples. From these data, t-statistics were calculated. For each mapping area, the t-statistic at the 95th quantile was selected as the threshold value. Threshold values ranged from 0.50 to 2.80. For each pixel, the product of the t-statistic threshold value and the pixel standard error was compared to the pixel percent tree canopy value and if this product was greater than the pixel percent tree canopy, the percent tree canopy value for that pixel was set to zero; otherwise, the percent tree canopy of the pixel was left unchanged. A pixel was also set to zero if it fell within a NLCD 2011 Landcover class of 11 (open water) or 12 (perennial snow/ice) or was considered to be agriculture as defined by the cultivated layer (CL).

Step 6: Since models were applied to each mapping area independently, there were multiple estimates for pixels in overlapping areas. For these pixels, the estimate with the lowest standard error was carried into the CONUS-wide mosaic. Due to the use of the bias correction option in the random forests modeling, estimates could be outside the range of 0 to 100. These estimates were reset to either 0 or 100. Estimates were also rounded to the nearest integer.

Step 7: The NLCD-TCC production workflow included a step after the production of the “FS-Analytical” and “FS-Cartographic” TCC products in order to integrate three layers (2011 NLCD TCC, 2016 NLCD TCC, and a TCC change layer) into a common data stack. In this three-layer data stack, all pixels with valid TCC values (0 to 100%) in both years (2011 and 2016) meet the criterion of “Time 1 TCC + change = Time 2 TCC”. To satisfy that criterion, pixels were first identified as changed or not based on analysis of disturbance data from the USFS Forest Inventory and Analysis (FIA) program and standard error values in the “FS-Analytical” TCC product. For pixels identified as changed, the pixel value in the 2016 NLCD TCC layer was taken from the 2016 “FS-Cartographic” TCC product. For pixels in which confidence in actual change was low or non-existent, the pixel value in the 2016 NLCD TCC product was set to an average of the TCC values from the 2011 and 2016 “FS-Cartographic” TCC products. Spatial filtering was also applied to clean up noise and speckle. While the integrated data stack was achieved, minor visual artifacts (e.g., very small islands of “No Change” surrounded by pixels identified as change) may still be present within the tree canopy cover products included in the overall 2016 NLCD Product Suite.


References:
Brand, G.J.; Nelson, M.D.; Wendt, D.G.; Nimerfro, K.K. 2000. The hexagon/panel system for selecting FIA plots under an annual inventory. In: McRoberts, R.E.; Reams, G.A.; Van Deusen, P.C., eds. Proceedings of the First Annual Forest Inventory and Analysis Symposium; Gen. Tech. Rep. NC-213. St. Paul, MN: U.S. Department of Agriculture, Forest Service, North Central Research Station: 8-13. 

Breiman, L. 2001. Random forests. Machine Learning 45:1532. 

Brooks, E.B.; Thomas, V.A.; Wynne, R.H.; Coulston, J.W. 2012. Fitting the multitemporal curve: a fourier series approach to the missing data problem in remote sensing analysis. IEEE Transactions on Geoscience and Remote Sensing 50(9):3340-3353. 

Coulston, J.W.; Moisen, G.G.; Wilson, B.T.; Finco, M.V.; Cohen, W.B.; Brewer, C.K. 2012. Modeling percent tree canopy cover: a pilot study. Photogrammetric Engineering &amp; Remote Sensing 78(7): 715727. 

Homer, C.; Gallant, A. 2001. Partitioning the conterminous United States into mapping zones for Landsat TM land cover mapping, USGS Draft White Paper. landcover.usgs.gov/pdf/homer.pdf 

R Core Team. 2017. R: A language and environment for statistical computing. R Foundation for Statistical Computing, Vienna, Austria. URL www.R-project.org 

Ruefenacht, B. 2016. Comparison of three Landsat TM compositing methods: a case study using modeled tree canopy cover. Photogrammetric Engineering &amp; Remote Sensing 82(3):199-211.</stepDesc><stepDateTm>2017-11-01T00:00:00</stepDateTm><stepSrc type="used"><srcCitatn><resAltTitle>FIACC, L8OLI, NDMI, NDVI, TasCap, DEM, Aspect, AspCos , AspSin, Slope, L8HR</resAltTitle></srcCitatn></stepSrc></prcStep></dataLineage></dqInfo><spatRepInfo><Georect><axisDimension type="001"><dimSize Sync="TRUE">104424</dimSize><dimResol><value Sync="TRUE" uom="m">30.000000</value></dimResol></axisDimension><axisDimension type="002"><dimSize Sync="TRUE">161190</dimSize><dimResol><value Sync="TRUE" uom="m">30.000000</value></dimResol></axisDimension><cellGeo><CellGeoCd Sync="TRUE" value="002"/></cellGeo><numDims Sync="TRUE">2</numDims><tranParaAv Sync="TRUE">1</tranParaAv><chkPtAv Sync="TRUE">0</chkPtAv><cornerPts><pos Sync="TRUE">-2493045.000000 177285.000000</pos></cornerPts><cornerPts><pos Sync="TRUE">-2493045.000000 3310005.000000</pos></cornerPts><cornerPts><pos Sync="TRUE">2342655.000000 3310005.000000</pos></cornerPts><cornerPts><pos Sync="TRUE">2342655.000000 177285.000000</pos></cornerPts><centerPt><pos Sync="TRUE">-75195.000000 1743645.000000</pos></centerPt><ptInPixel><PixOrientCd Sync="TRUE" value="001"/></ptInPixel></Georect></spatRepInfo><contInfo><ImgDesc><covDim><Band><valUnit><UOM type="length"/></valUnit><dimDescrp Sync="TRUE">Layer_1</dimDescrp><maxVal Sync="TRUE">255.000000</maxVal><minVal Sync="TRUE">0.000000</minVal><bitsPerVal Sync="TRUE">8</bitsPerVal></Band></covDim><trianInd>False</trianInd><radCalDatAv>False</radCalDatAv><camCalInAv>False</camCalInAv><filmDistInAv>False</filmDistInAv><lensDistInAv>False</lensDistInAv><contentTyp><ContentTypCd Sync="TRUE" value="002"/></contentTyp></ImgDesc></contInfo><eainfo><detailed Name="nlcd_2016_treecanopy_2019_08_22.img.vat"><enttyp><enttypl Sync="TRUE">nlcd_2016_treecanopy_2019_08_22.img.vat</enttypl><enttypt Sync="TRUE">Table</enttypt><enttypc Sync="TRUE">256</enttypc></enttyp><attr><attrlabl>OID</attrlabl><attrdef>Internal feature number.</attrdef><attrdefs>ESRI</attrdefs><attalias Sync="TRUE">OID</attalias><attrtype Sync="TRUE">OID</attrtype><attwidth Sync="TRUE">4</attwidth><atprecis Sync="TRUE">0</atprecis><attscale Sync="TRUE">0</attscale><attrdomv><udom Sync="TRUE">Sequential unique whole numbers that are automatically generated.</udom></attrdomv></attr><attr><attrlabl Sync="TRUE">Value</attrlabl><attalias Sync="TRUE">Value</attalias><attrtype Sync="TRUE">Integer</attrtype><attwidth Sync="TRUE">0</attwidth><atprecis Sync="TRUE">0</atprecis><attscale Sync="TRUE">0</attscale><attrdef> Percent tree canopy cover</attrdef><attrdomv><rdom><rdommin>0</rdommin><rdommax>100</rdommax><attrunit>Percent</attrunit></rdom></attrdomv></attr><attr><attrlabl Sync="TRUE">Count</attrlabl><attalias Sync="TRUE">Count</attalias><attrtype Sync="TRUE">Double</attrtype><attwidth Sync="TRUE">0</attwidth><atprecis Sync="TRUE">0</atprecis><attscale Sync="TRUE">0</attscale></attr><attr><attrlabl Sync="TRUE">Red</attrlabl><attalias Sync="TRUE">Red</attalias><attrtype Sync="TRUE">Integer</attrtype><attwidth Sync="TRUE">0</attwidth><atprecis Sync="TRUE">0</atprecis><attscale Sync="TRUE">0</attscale></attr><attr><attrlabl Sync="TRUE">Green</attrlabl><attalias Sync="TRUE">Green</attalias><attrtype Sync="TRUE">Integer</attrtype><attwidth Sync="TRUE">0</attwidth><atprecis Sync="TRUE">0</atprecis><attscale Sync="TRUE">0</attscale></attr><attr><attrlabl Sync="TRUE">Blue</attrlabl><attalias Sync="TRUE">Blue</attalias><attrtype Sync="TRUE">Integer</attrtype><attwidth Sync="TRUE">0</attwidth><atprecis Sync="TRUE">0</atprecis><attscale Sync="TRUE">0</attscale></attr></detailed></eainfo><mdHrLvName Sync="TRUE">dataset</mdHrLvName><refSysInfo><RefSystem><refSysID><identCode code="0" Sync="TRUE"/></refSysID></RefSystem></refSysInfo><mdDateSt Sync="TRUE">20190822</mdDateSt></metadata>
