<metadata xml:lang="en"><Esri><CreaDate>20190930</CreaDate><CreaTime>13284500</CreaTime><ArcGISFormat>1.0</ArcGISFormat><ArcGISstyle>FGDC CSDGM Metadata</ArcGISstyle><SyncOnce>FALSE</SyncOnce><DataProperties><itemProps><itemName Sync="TRUE">nlcd_2011_to_2016_treecanopy_change_2019_08_31_u8.img</itemName><itemLocation><linkage Sync="TRUE">file://\\166.2.126.77\tcc\TCC2016_CONUS\FINAL_TCC_IMAGES\Cartographic_NLCD\nlcd_2011_to_2016_treecanopy_change_2019_08_31_u8.img</linkage><protocol Sync="TRUE">Local Area Network</protocol></itemLocation><nativeExtBox><westBL Sync="TRUE">-2493045.000000</westBL><eastBL Sync="TRUE">2342655.000000</eastBL><southBL Sync="TRUE">177285.000000</southBL><northBL Sync="TRUE">3310005.000000</northBL><exTypeCode Sync="TRUE">1</exTypeCode></nativeExtBox><imsContentType Sync="TRUE" export="False">002</imsContentType></itemProps><coordRef><type Sync="TRUE">Projected</type><geogcsn Sync="TRUE">GCS_North_American_1983</geogcsn><csUnits Sync="TRUE">Linear Unit: Meter (1.000000)</csUnits><projcsn Sync="TRUE">Albers_Conical_Equal_Area</projcsn><peXml Sync="TRUE">&lt;ProjectedCoordinateSystem xsi:type='typens:ProjectedCoordinateSystem' xmlns:xsi='http://www.w3.org/2001/XMLSchema-instance' xmlns:xs='http://www.w3.org/2001/XMLSchema' xmlns:typens='http://www.esri.com/schemas/ArcGIS/10.5'&gt;&lt;WKT&gt;PROJCS[&amp;quot;Albers_Conical_Equal_Area&amp;quot;,GEOGCS[&amp;quot;GCS_North_American_1983&amp;quot;,DATUM[&amp;quot;D_North_American_1983&amp;quot;,SPHEROID[&amp;quot;GRS_1980&amp;quot;,6378137.0,298.257222101]],PRIMEM[&amp;quot;Greenwich&amp;quot;,0.0],UNIT[&amp;quot;Degree&amp;quot;,0.0174532925199433]],PROJECTION[&amp;quot;Albers&amp;quot;],PARAMETER[&amp;quot;false_easting&amp;quot;,0.0],PARAMETER[&amp;quot;false_northing&amp;quot;,0.0],PARAMETER[&amp;quot;central_meridian&amp;quot;,-96.0],PARAMETER[&amp;quot;standard_parallel_1&amp;quot;,29.5],PARAMETER[&amp;quot;standard_parallel_2&amp;quot;,45.5],PARAMETER[&amp;quot;latitude_of_origin&amp;quot;,23.0],UNIT[&amp;quot;Meter&amp;quot;,1.0]]&lt;/WKT&gt;&lt;XOrigin&gt;-16901100&lt;/XOrigin&gt;&lt;YOrigin&gt;-6972200&lt;/YOrigin&gt;&lt;XYScale&gt;266467840.99085236&lt;/XYScale&gt;&lt;ZOrigin&gt;-100000&lt;/ZOrigin&gt;&lt;ZScale&gt;10000&lt;/ZScale&gt;&lt;MOrigin&gt;-100000&lt;/MOrigin&gt;&lt;MScale&gt;10000&lt;/MScale&gt;&lt;XYTolerance&gt;0.001&lt;/XYTolerance&gt;&lt;ZTolerance&gt;0.001&lt;/ZTolerance&gt;&lt;MTolerance&gt;0.001&lt;/MTolerance&gt;&lt;HighPrecision&gt;true&lt;/HighPrecision&gt;&lt;/ProjectedCoordinateSystem&gt;</peXml></coordRef><RasterProperties><General><PixelDepth Sync="TRUE">8</PixelDepth><HasColormap Sync="TRUE">TRUE</HasColormap><CompressionType Sync="TRUE">None</CompressionType><NumBands Sync="TRUE">1</NumBands><Format Sync="TRUE">IMAGINE Image</Format><HasPyramids Sync="TRUE">TRUE</HasPyramids><SourceType Sync="TRUE">discrete</SourceType><PixelType Sync="TRUE">unsigned integer</PixelType><NoDataValue Sync="TRUE"></NoDataValue></General></RasterProperties></DataProperties><SyncDate>20191007</SyncDate><SyncTime>07255300</SyncTime><ModDate>20191007</ModDate><ModTime>07255300</ModTime><scaleRange><minScale>150000000</minScale><maxScale>5000</maxScale></scaleRange><ArcGISProfile>FGDC</ArcGISProfile></Esri><mdLang><languageCode value="eng"/><countryCode value="USA" Sync="TRUE"/></mdLang><mdChar><CharSetCd value="004"/></mdChar><mdHrLv><ScopeCd value="005"/></mdHrLv><mdContact><rpOrgName>U. S. Geological Survery</rpOrgName><rpCntInfo><cntAddress addressType="both"><delPoint>USGS/EROS</delPoint><city>Sioux Falls</city><adminArea>SD</adminArea><postCode>57192-0001</postCode><eMailAdd>custserv@usgs.gov</eMailAdd><country>US</country><delPoint>47914 252nd Street</delPoint></cntAddress><cntPhone><voiceNum>605-594-6151</voiceNum><faxNum>605-594-6589</faxNum><voiceNum tddtty="True">605-594-6933</voiceNum></cntPhone><cntHours>0800 - 1600 CT, M -- F (-6h CST/-5h CDT GMT)</cntHours><cntInstr>The USGS point of contact is for questions relating to the data display and download from this web site. For questions regarding data content and quality, email:  mrlc@usgs.gov</cntInstr></rpCntInfo><role><RoleCd value="007"/></role><displayName>U.S. Geological Survey</displayName><rpPosName>Customer Service Representative</rpPosName><displayName>U. S. Geological Survery</displayName></mdContact><mdStanName>ArcGIS Metadata</mdStanName><mdStanVer>1.0</mdStanVer><distInfo><distributor><distorCont><rpOrgName>U. S. Geological Survery</rpOrgName><rpCntInfo><cntAddress addressType="both"><delPoint>USGS/EROS</delPoint><city>Sioux Falls</city><adminArea>SD</adminArea><postCode>57192-0001</postCode><eMailAdd>custserv@usgs.gov</eMailAdd><country>US</country><delPoint>47914 252nd Street</delPoint></cntAddress><cntPhone><voiceNum>605-594-6151</voiceNum><faxNum>605-594-6589</faxNum><voiceNum tddtty="True">605-594-6933</voiceNum></cntPhone><cntHours>0800 - 1600 CT, M -- F (-6h CST/-5h CDT GMT)</cntHours><cntInstr>The USGS point of contact is for questions relating to the data display and download from this web site. For questions regarding data content and quality, email:  mrlc@usgs.gov</cntInstr></rpCntInfo><role><RoleCd value="005"/></role><displayName>U.S. Geological Survey</displayName><rpPosName>Customer Service Representative</rpPosName><displayName>U. S. Geological Survery</displayName><displayName>U. S. Geological Survery</displayName></distorCont></distributor><distFormat><formatName Sync="TRUE">Raster Dataset</formatName></distFormat></distInfo><dataIdInfo><idCitation xmlns=""><resTitle Sync="FALSE">NLCD 2011 to 2016 Percent Tree Canopy Change (CONUS)</resTitle><date><pubDate>2019-10-01T00:00:00</pubDate></date><resEd>1.0</resEd><presForm xmlns=""><PresFormCd value="005"/></presForm><presForm xmlns=""><fgdcGeoform>raster digital data</fgdcGeoform></presForm><datasetSeries><seriesName>none</seriesName><issId>none</issId></datasetSeries><collTitle>NLCD TCC 2011 to 2016 Change</collTitle><citRespParty xmlns=""><rpOrgName>U. S. Geological Survery</rpOrgName><rpCntInfo><cntAddress addressType="both"><delPoint>USGS/EROS</delPoint><city>Sioux Falls</city><adminArea>SD</adminArea><postCode>57192-0001</postCode><eMailAdd>custserv@usgs.gov</eMailAdd><country>US</country><delPoint>47914 252nd Street</delPoint></cntAddress><cntPhone><voiceNum>605-594-6151</voiceNum><faxNum>605-594-6589</faxNum><voiceNum tddtty="True">605-594-6933</voiceNum></cntPhone><cntHours>0800 - 1600 CT, M -- F (-6h CST/-5h CDT GMT)</cntHours><cntInstr>The USGS point of contact is for questions relating to the data display and download from this web site. For questions regarding data content and quality, email:  mrlc@usgs.gov</cntInstr></rpCntInfo><role><RoleCd value="010"/></role><displayName>U.S. Geological Survey</displayName><rpPosName>Customer Service Representative</rpPosName></citRespParty></idCitation><idAbs>&lt;DIV STYLE="text-align:Left;"&gt;&lt;DIV&gt;&lt;DIV&gt;&lt;P STYLE="margin:0 0 0 0;"&gt;&lt;SPAN&gt;&lt;SPAN&gt;The USDA Forest Service (USFS) builds multiple versions of percent tree canopy cover data, in order to serve needs of multiple user communities. These datasets encompass CONUS, Coastal Alaska, Hawaii, U.S. Virgin Islands and&lt;/SPAN&gt;&lt;/SPAN&gt;&lt;SPAN /&gt;&lt;SPAN /&gt;&lt;SPAN&gt;&lt;SPAN&gt;Puerto Rico. There are three versions of data within the 2016 TCC Product Suite, which include:&lt;/SPAN&gt;&lt;/SPAN&gt;&lt;/P&gt;&lt;UL&gt;&lt;LI&gt;&lt;P&gt;&lt;SPAN&gt;&lt;SPAN&gt;The initial model outputs referred to as the Analytical data;&lt;/SPAN&gt;&lt;/SPAN&gt;&lt;/P&gt;&lt;/LI&gt;&lt;/UL&gt;&lt;UL&gt;&lt;LI&gt;&lt;P&gt;&lt;SPAN&gt;&lt;SPAN&gt;A masked version of the initial output referred to as Cartographic data;&lt;/SPAN&gt;&lt;/SPAN&gt;&lt;/P&gt;&lt;/LI&gt;&lt;/UL&gt;&lt;UL&gt;&lt;LI&gt;&lt;P&gt;&lt;SPAN&gt;&lt;SPAN&gt;And a modified version built for the National Land Cover Database and referred to as NLCD data, which includes a canopy cover change dataset derived from subtraction of datasets for the nominal years of 2011 and 2016.&lt;/SPAN&gt;&lt;/SPAN&gt;&lt;/P&gt;&lt;/LI&gt;&lt;/UL&gt;&lt;P STYLE="margin:0 0 0 0;"&gt;&lt;SPAN&gt;&lt;SPAN&gt;The Analytical data are the initial model outputs generated in the production workflow. These data are best suited for users who will carry out their own detailed statistical and uncertainty analyses on the dataset and place lower priority on the visual appearance of the dataset for cartographic purposes. Datasets for the nominal years of 2011 and 2016 are available. &lt;/SPAN&gt;&lt;/SPAN&gt;&lt;/P&gt;&lt;P&gt;&lt;SPAN&gt;&lt;SPAN&gt;The Cartographic products mask the initial model outputs to improve the visual appearance of the datasets. These data are best suited for users who prioritize visual appearance of the data for cartographic and illustrative purposes. Datasets for the nominal years of 2011 and 2016 are available. &lt;/SPAN&gt;&lt;/SPAN&gt;&lt;/P&gt;&lt;P STYLE="margin:0 0 0 0;"&gt;&lt;SPAN&gt;&lt;SPAN&gt;The NLCD data are the result of further processing of the masked data. The goal was to generate three coordinated components. The components are (1) a dataset for the nominal year of 2011, (2) a dataset for the nominal year of 2016, and (3) a dataset that captures the change in canopy cover between the two nominal years of 2011 and 2016. For the NLCD data, the three components meet the criterion of “2011 TCC + change in TCC = 2016 TCC”. These NLCD data are best suited for users who require a coordinated three-component data stack where each pixel’s values meet the criterion of “2011 TCC + change in TCC = 2016 TCC”. Datasets for the nominal years of 2011 and 2016 are available, as well as a dataset that captures the change (loss or gain) in canopy cover between those two nominal years of 2011 and 2016, in areas where change was identified.&lt;/SPAN&gt;&lt;/SPAN&gt;&lt;/P&gt;&lt;P STYLE="margin:0 0 0 0;"&gt;&lt;SPAN /&gt;&lt;SPAN /&gt;&lt;/P&gt;&lt;P STYLE="margin:0 0 0 0;"&gt;&lt;SPAN&gt;&lt;SPAN&gt;These tree canopy cover data are accessible for multiple user communities, through multiple channels and platforms, as listed below:&lt;/SPAN&gt;&lt;/SPAN&gt;&lt;/P&gt;&lt;UL&gt;&lt;LI&gt;&lt;P&gt;&lt;SPAN STYLE="font-weight:bold;"&gt;Analytical&lt;/SPAN&gt;&lt;/P&gt;&lt;/LI&gt;&lt;/UL&gt;&lt;UL&gt;&lt;LI&gt;&lt;P&gt;&lt;A href="https://data.fs.usda.gov/geodata/rastergateway/treecanopycover/"&gt;&lt;SPAN&gt;&lt;SPAN&gt;USFS Tree Canopy Cover Datasets&lt;/SPAN&gt;&lt;/SPAN&gt;&lt;/A&gt;&lt;/P&gt;&lt;/LI&gt;&lt;LI&gt;&lt;P&gt;&lt;A href="https://data.fs.usda.gov/geodata/edw/index.php"&gt;&lt;SPAN&gt;&lt;SPAN&gt;USFS Enterprise Data Warehouse&lt;/SPAN&gt;&lt;/SPAN&gt;&lt;/A&gt;&lt;SPAN /&gt;&lt;SPAN /&gt;&lt;/P&gt;&lt;/LI&gt;&lt;/UL&gt;&lt;UL&gt;&lt;LI&gt;&lt;P&gt;&lt;SPAN STYLE="font-weight:bold;"&gt;Cartographic&lt;/SPAN&gt;&lt;/P&gt;&lt;/LI&gt;&lt;/UL&gt;&lt;UL&gt;&lt;LI&gt;&lt;P&gt;&lt;A href="https://data.fs.usda.gov/geodata/rastergateway/treecanopycover/"&gt;&lt;SPAN&gt;&lt;SPAN&gt;USFS Tree Canopy Cover Datasets&lt;/SPAN&gt;&lt;/SPAN&gt;&lt;/A&gt;&lt;/P&gt;&lt;/LI&gt;&lt;/UL&gt;&lt;UL&gt;&lt;LI&gt;&lt;P&gt;&lt;SPAN STYLE="font-weight:bold;"&gt;NLCD&lt;/SPAN&gt;&lt;/P&gt;&lt;/LI&gt;&lt;/UL&gt;&lt;UL&gt;&lt;LI&gt;&lt;P&gt;&lt;A href="https://www.mrlc.gov/data"&gt;&lt;SPAN&gt;&lt;SPAN&gt;Multi-Resolution Land Characteristics (MRLC) Consortium&lt;/SPAN&gt;&lt;/SPAN&gt;&lt;/A&gt;&lt;/P&gt;&lt;/LI&gt;&lt;LI&gt;&lt;P&gt;&lt;A href="https://data.fs.usda.gov/geodata/edw/index.php"&gt;&lt;SPAN&gt;&lt;SPAN&gt;USFS Enterprise Data Warehouse&lt;/SPAN&gt;&lt;/SPAN&gt;&lt;/A&gt;&lt;/P&gt;&lt;/LI&gt;&lt;/UL&gt;&lt;P&gt;&lt;SPAN&gt;The CONUS TCC NLCD change dataset is comprised of a single layer. Percent canopy gains are represented as values 0 to 100. Percent canopy losses are represented as values 101 to 200 such that a percent canopy loss of 25 would be represented by the value 125. The background is represented by the value 255.&lt;/SPAN&gt;&lt;/P&gt;&lt;/DIV&gt;&lt;/DIV&gt;&lt;/DIV&gt;</idAbs><idPurp>The goal of this project is to provide the Nation with complete, current and consistent public domain information on its tree canopy cover.</idPurp><idCredit>Funding for this project was provided by the U.S. Forest Service (USFS). RedCastle Resources, Inc. produced the dataset under contract to the USFS Geospatial Technology and Applications Center.</idCredit><resMaint><maintFreq><MaintFreqCd value="009"/></maintFreq></resMaint><placeKeys xmlns=""><thesaName><resTitle>U.S. Department of Commerce, 1995, Countries, dependencies, areas of special sovereignty, and their principal administrative divisions, Federal Information Processing Standard 10-4: Washington, D.C., National Institute of Standards and Technology</resTitle></thesaName><keyword>Conterminous United States</keyword><keyword>United States of America</keyword><keyword>USA</keyword><keyword>US</keyword><keyword>U.S.A.</keyword><keyword>United States</keyword><keyword>U.S.</keyword></placeKeys><themeKeys xmlns=""><keyword>GIS</keyword><keyword>Remote Sensing</keyword><keyword>Tree Canopy Cover</keyword><keyword>Tree Density</keyword><keyword>Percent Tree Canopy</keyword><keyword>Continuous</keyword><keyword>Digital Spatial Data</keyword><keyword>Change</keyword></themeKeys><themeKeys xmlns=""><thesaName xmlns=""><resTitle>ISO 19115 Category</resTitle></thesaName><keyword>EarthCover</keyword><keyword>BaseMaps</keyword><keyword>Environment</keyword><keyword>Imagery</keyword></themeKeys><themeKeys xmlns=""><thesaName xmlns=""><resTitle>NGDA Portfolio Themes</resTitle></thesaName><keyword>Land Use Land Cover Theme</keyword><keyword>National Geospatial Data Asset</keyword><keyword>NGDA</keyword></themeKeys><searchKeys><keyword>Land Use Land Cover Theme</keyword><keyword>GIS</keyword><keyword>Remote Sensing</keyword><keyword>Tree Canopy Cover</keyword><keyword>EarthCover</keyword><keyword>Conterminous United States</keyword><keyword>Tree Density</keyword><keyword>United States of America</keyword><keyword>National Geospatial Data Asset</keyword><keyword>USA</keyword><keyword>US</keyword><keyword>U.S.A.</keyword><keyword>Percent Tree Canopy</keyword><keyword>United States</keyword><keyword>BaseMaps</keyword><keyword>U.S.</keyword><keyword>Environment</keyword><keyword>Continuous</keyword><keyword>NGDA</keyword><keyword>Imagery</keyword><keyword>Digital Spatial Data</keyword><keyword>Change</keyword></searchKeys><resConst><LegConsts xmlns=""><useLimit>See access and use constraints information.</useLimit></LegConsts></resConst><resConst><SecConsts xmlns=""><class><ClasscationCd value="001"/></class><classSys>none</classSys><handDesc>n/a</handDesc></SecConsts></resConst><resConst><Consts xmlns=""><useLimit>&lt;DIV STYLE="text-align:Left;"&gt;&lt;DIV&gt;&lt;DIV&gt;&lt;P&gt;&lt;SPAN&gt;These data were collected using funding from the U.S. Government and can be used without additional permissions or fees. If you use these data in a publication, presentation, or other research product please use the following citation: &lt;/SPAN&gt;&lt;/P&gt;&lt;P STYLE="text-indent:20;"&gt;&lt;SPAN /&gt;&lt;SPAN&gt;USDA Forest Service. 2019. National Land Cover Database (NLCD) 2011 to 2016 Tree Canopy Cover Change (CONUS). Salt Lake City, UT.&lt;/SPAN&gt;&lt;/P&gt;&lt;P&gt;&lt;SPAN&gt;Appropriate use includes regional to national assessments of tree cover, total extent of tree cover, aggregated summaries of tree cover, changes in tree cover between the nominal years of 2011 and 2016, and construction of cartographic products.&lt;/SPAN&gt;&lt;/P&gt;&lt;/DIV&gt;&lt;/DIV&gt;&lt;/DIV&gt;</useLimit></Consts></resConst><aggrInfo><aggrDSName><resTitle>NLCD 2016</resTitle><date><pubDate>2019-05-01T00:00:00</pubDate></date><resEd>5.0</resEd><presForm><PresFormCd value="005"/></presForm><presForm><fgdcGeoform>raster digital data</fgdcGeoform></presForm><datasetSeries><seriesName>none</seriesName><issId>none</issId></datasetSeries><otherCitDet>References: 
Yang, L., et al. (2018). "A new generation of the United States National Land Cover Database: Requirements, research priorities, design, and implementation strategies." ISPRS Journal of Photogrammetry and Remote Sensing 146: 108-123.</otherCitDet><citOnlineRes><linkage>www.mrlc.gov</linkage></citOnlineRes><citRespParty><rpOrgName>U. S. Geological Survery</rpOrgName><rpCntInfo><cntAddress addressType="both"><delPoint>USGS/EROS</delPoint><city>Sioux Falls</city><adminArea>SD</adminArea><postCode>57192-0001</postCode><eMailAdd>custserv@usgs.gov</eMailAdd><country>US</country><delPoint>47914 252nd Street</delPoint></cntAddress><cntPhone><voiceNum>605-594-6151</voiceNum><faxNum>605-594-6589</faxNum><voiceNum tddtty="True">605-594-6933</voiceNum></cntPhone><cntHours>0800 - 1600 CT, M -- F (-6h CST/-5h CDT GMT)</cntHours><cntInstr>The USGS point of contact is for questions relating to the data display and download from this web site. For questions regarding data content and quality, email:  mrlc@usgs.gov</cntInstr></rpCntInfo><role><RoleCd value="007"/></role><displayName>U.S. Geological Survey</displayName><rpPosName>Customer Service Representative</rpPosName><displayName>U. S. Geological Survery</displayName><displayName>U. S. Geological Survery</displayName><displayName>U. S. Geological Survery</displayName></citRespParty></aggrDSName><assocType><AscTypeCd value="002"/></assocType></aggrInfo><dataLang><languageCode value="eng"/><countryCode value="USA" Sync="TRUE"/></dataLang><dataExt xmlns=""><geoEle xmlns=""><GeoBndBox><westBL>-130.232828</westBL><eastBL>-63.672192</eastBL><southBL>21.742308</southBL><northBL>52.877264</northBL></GeoBndBox></geoEle></dataExt><dataExt xmlns=""><exDesc>Ground condition</exDesc><tempEle><TempExtent><exTemp><TM_Period xmlns=""><tmBegin>2007-07-01T00:00:00</tmBegin><tmEnd>2016-11-22T00:00:00</tmEnd></TM_Period></exTemp></TempExtent></tempEle></dataExt><suppInfo>Corner Coordinates (center of pixel, meters): upper left: -2362845 (X), 3180555 (Y); lower right: 2266440 (X), 251175 (Y).</suppInfo><dataChar><CharSetCd value="004"/></dataChar><idPoC><rpOrgName>U. S. Geological Survery</rpOrgName><rpCntInfo><cntAddress addressType="both"><delPoint>USGS/EROS</delPoint><city>Sioux Falls</city><adminArea>SD</adminArea><postCode>57192-0001</postCode><eMailAdd>custserv@usgs.gov</eMailAdd><country>US</country><delPoint>47914 252nd Street</delPoint></cntAddress><cntPhone><voiceNum>605-594-6151</voiceNum><faxNum>605-594-6589</faxNum><voiceNum tddtty="True">605-594-6933</voiceNum></cntPhone><cntHours>0800 - 1600 CT, M -- F (-6h CST/-5h CDT GMT)</cntHours><cntInstr>The USGS point of contact is for questions relating to the data display and download from this web site. For questions regarding data content and quality, email:  mrlc@usgs.gov</cntInstr></rpCntInfo><role><RoleCd value="007"/></role><displayName>U.S. Geological Survey</displayName><rpPosName>Customer Service Representative</rpPosName><displayName>U. S. Geological Survery</displayName><displayName>U. S. Geological Survery</displayName></idPoC><envirDesc Sync="TRUE"> Version 6.2 (Build 9200) ; Esri ArcGIS 10.5.1.7333</envirDesc><spatRpType><SpatRepTypCd value="002" Sync="TRUE"/></spatRpType><dataExt xmlns=""><geoEle xmlns=""><GeoBndBox esriExtentType="search"><exTypeCode Sync="TRUE">1</exTypeCode><westBL Sync="TRUE">-130.232828</westBL><eastBL Sync="TRUE">-63.672192</eastBL><northBL Sync="TRUE">52.877264</northBL><southBL Sync="TRUE">21.742308</southBL></GeoBndBox></geoEle></dataExt><tpCat><TopicCatCd value="007"/></tpCat><tpCat><TopicCatCd value="010"/></tpCat></dataIdInfo><mdConst><LegConsts xmlns=""><accessConsts><RestrictCd value="008"/></accessConsts><othConsts>There are no restrictions to access for this metadata.</othConsts></LegConsts></mdConst><dqInfo xmlns=""><dqScope><scpLvl><ScopeCd value="005"/></scpLvl></dqScope><report type="DQCompOm" dimension="" xmlns=""><measDesc>Data is for the conterminous United States only (lower 48 states and District of Columbia).</measDesc></report><report type="DQQuanAttAcc" dimension="" xmlns=""><measDesc>No formal, independent accuracy assessment of this product has been made at the time of publication. However, an assessment is planned. Users should check at www.mrlc.gov or send an inquiry to the metadata contact to inquire if new accuracy information is available.

The random forests regression algorithm (R Core Team 2017; Cutler et al. 2007; Breiman 2001) employed in creating this product calculates the mean of squared residuals along with percent variability explained by the model for assessing prediction reliability. The random forests models consisted of 500 decision trees, which were used to determine the final response value. The response of each tree depended on a randomly chosen subset of predictor variables chosen independently (with replacement) for evaluation by that tree. The responses of the trees were averaged to obtain an estimate of the dependent variable. Because the random forests bias correction option was used, it was possible to obtain estimates less than 0 or greater than 100. These estimates were reset to either 0 or 100. The estimates were also rounded to the nearest integer. The standard error is the square root of the variance of the estimates given by all trees. A summary of the random forests models is available in the supplemental metadata for the “FS-Analytical” version of the TCC products. 


References:
Breiman, L. 2001. Random forests. Machine Learning 45:1532. 

Cutler, R.D.; Edwards, T.C.; Beard, K.H.; Cutler, A.; Hess, K.T.; Gibson, J.; Lawler, J.J. 2007. Random forests for classification in ecology. Ecology 88 (11):2783-2792. 

R Core Team. 2017. R: A language and environment for statistical computing. R Foundation for Statistical Computing, Vienna, Austria. URL www.R-project.org</measDesc></report><dataLineage><dataSource xmlns="" type=""><srcDesc>modeled tree canopy cover and associated error estimates</srcDesc><srcCitatn xmlns=""><resTitle>2011 and 2016 USFS analytical products</resTitle><resAltTitle>USFSAnalytical</resAltTitle><date><pubDate>2018-12-14T00:00:00</pubDate></date><citRespParty xmlns=""><rpOrgName>USFS Geospatial Technology and Applications Center (GTAC)</rpOrgName><role><RoleCd value="006"/></role><rpCntInfo xmlns=""><cntAddress addressType="both"><delPoint>125 S. State Street</delPoint><city>Salt Lake City</city><adminArea>UT</adminArea><postCode>84138</postCode></cntAddress></rpCntInfo></citRespParty></srcCitatn></dataSource><dataSource xmlns="" type=""><srcDesc>masked tree canopy cover</srcDesc><srcCitatn xmlns=""><resTitle>2011 and 2016 USFS cartographic products</resTitle><resAltTitle>USFSCartographic</resAltTitle><date><pubDate>2018-12-14T00:00:00</pubDate></date><citRespParty xmlns=""><rpOrgName>USFS Geospatial Technology and Applications Center (GTAC)</rpOrgName><role><RoleCd value="006"/></role><rpCntInfo><cntAddress addressType="both"><delPoint>125 S. State Street</delPoint><city>Salt Lake City</city><adminArea>UT</adminArea><postCode>84138</postCode></cntAddress></rpCntInfo><displayName>USFS Geospatial Technology and Applications Center (GTAC)</displayName></citRespParty></srcCitatn></dataSource><dataSource xmlns="" type=""><srcDesc>estimates of landscape change</srcDesc><srcCitatn xmlns=""><resTitle>EVALIDator Web Tool</resTitle><resAltTitle>FIAEV</resAltTitle><citRespParty xmlns=""><rpOrgName>USDA Forest Service Forest Inventory and Analysis Program</rpOrgName></citRespParty></srcCitatn></dataSource><prcStep xmlns=""><stepDesc>Creation of percent tree canopy cover change dataset for the 2016 NLCD (main process). The percent tree canopy cover change CONUS dataset was built as the last component in the TCC production workflow utilized by the USFS for the 2016 NLCD. The dataset represents an estimate of tree canopy cover change between the nominal years of 2011 and 2016. The percent tree canopy cover change dataset for the 2016 NLCD was built with components from upstream steps in the 2016 TCC production workflow, specifically, the standard error layer from the “FS-Analytical” TCC product and TCC values from the “FS-Cartographic” TCC product. (See metadata for the “FS-Analytical” and “FS-Cartographic” products for descriptions of how those products were constructed.) For this percent tree canopy cover change dataset for the 2016 NLCD, eight steps were employed: 

Step 1: Disturbance data from the USFS Forest Inventory and Analysis (FIA) program were analyzed to estimate the “percent of area disturbed” between the nominal years of 2011 and 2016, for CONUS.

Step 2: Pixels were sampled from the 2011 and 2016 “FS-Analytical” TCC products for CONUS, at 900,000 locations. TCC and standard error values were collected for each sampled pixel.

Step 3: The compiled TCC and standard error values from each sampled pixel were input to a numerical optimization tool. The target of the optimization was the “percent of area disturbed”, as derived from the FIA data described in Step 1 above. The optimization tool was used to determine the condition such that (A) the percentage of the CONUS sampled pixels identified as loss between the nominal years of 2011 and 2016 matched (B) the “percent of area disturbed” between the nominal years of 2011 and 2016, as derived from FIA data. The conditions estimated using the optimization tool, sampled data from the 2011 and 2016 datasets, and the target were two multiplier values that were subsequently used to determine whether canopy cover had changed or not, between the nominal years of 2011 and 2016 for individual pixels.

Step 4: The CONUS-wide multiplier values, output from the optimization tool, were applied with an ERDAS model across CONUS. Specifically, upper and lower bounds of a range of TCC were computed for each pixel, in each year, by (A) using the pixel’s TCC value as the midpoint of the range, (B) setting the lower bound of the range to be the pixel’s TCC value minus the product of the multiplier value and the pixel’s standard error value, and (C) setting the upper bound of the range to be the TCC value plus the product of the multiplier value and the pixel’s standard error value. If the range computed for a pixel in 2011 did not overlap with the range computed for a pixel in 2016, the pixel was identified as changed. If the ranges overlapped, then the pixel was identified as “No change”. 

Step 5: For pixels identified as changed, the pixel value in the percent tree canopy cover change dataset was set to the simple difference between the 2016 and 2011 “FS-Cartographic” TCC values for the pixel. 

Step 6: For pixels in which confidence in actual change was low or non-existent (i.e., the ranges computed in Step 4 above overlapped and the pixel was identified as “No change”), the pixel value in the percent tree canopy cover change dataset for the 2016 NLCD was set to zero.

Step 7: Results were reviewed by geospatial analysts, especially in areas of severe change (e.g., severe fires, harvest and regrowth in timber areas, etc.), and compared to high-resolution aerial photography and imagery.

Step 8: Spatial filtering was also applied to clean up noise and speckle. While the integrated data stack was achieved, minor visual artifacts (e.g., very small islands of “No Change” surrounded by pixels identified as change) may still be present within the tree canopy cover products included in the overall 2016 NLCD Product Suite.
</stepDesc><stepDateTm>2017-11-01T00:00:00</stepDateTm><stepSrc type="used" xmlns=""><srcCitatn xmlns=""><resAltTitle>USFSAnalytical, USFSCartographic, FIAEV</resAltTitle><date><createDate>2019-07-12T00:00:00</createDate></date></srcCitatn></stepSrc></prcStep></dataLineage></dqInfo><spatRepInfo><Georect><axisDimension type="001"><dimSize Sync="TRUE">104424</dimSize><dimResol><value Sync="TRUE" uom="m">30.000000</value></dimResol></axisDimension><axisDimension type="002"><dimSize Sync="TRUE">161190</dimSize><dimResol><value Sync="TRUE" uom="m">30.000000</value></dimResol></axisDimension><cellGeo><CellGeoCd Sync="TRUE" value="002"/></cellGeo><numDims Sync="TRUE">2</numDims><tranParaAv Sync="TRUE">1</tranParaAv><chkPtAv Sync="TRUE">0</chkPtAv><cornerPts><pos Sync="TRUE">-2493045.000000 177285.000000</pos></cornerPts><cornerPts><pos Sync="TRUE">-2493045.000000 3310005.000000</pos></cornerPts><cornerPts><pos Sync="TRUE">2342655.000000 3310005.000000</pos></cornerPts><cornerPts><pos Sync="TRUE">2342655.000000 177285.000000</pos></cornerPts><centerPt><pos Sync="TRUE">-75195.000000 1743645.000000</pos></centerPt><ptInPixel><PixOrientCd Sync="TRUE" value="001"/></ptInPixel></Georect></spatRepInfo><contInfo><ImgDesc xmlns=""><covDim><Band xmlns=""><valUnit><UOM type="length" gmlID=""/></valUnit><dimDescrp Sync="TRUE">Layer_1</dimDescrp><maxVal Sync="TRUE">255.000000</maxVal><minVal Sync="TRUE">0.000000</minVal><bitsPerVal Sync="TRUE">8</bitsPerVal></Band></covDim><trianInd>False</trianInd><radCalDatAv>False</radCalDatAv><camCalInAv>False</camCalInAv><filmDistInAv>False</filmDistInAv><lensDistInAv>False</lensDistInAv><contentTyp><ContentTypCd Sync="TRUE" value="002"/></contentTyp></ImgDesc></contInfo><eainfo><detailed Name="nlcd_2011_to_2016_treecanopy_change_2019_08_31_u8.img.vat" xmlns=""><enttyp><enttypl Sync="TRUE">nlcd_2011_to_2016_treecanopy_change_2019_08_31_u8.img.vat</enttypl><enttypt Sync="TRUE">Table</enttypt><enttypc Sync="TRUE">256</enttypc></enttyp><attr xmlns=""><attrlabl>OID</attrlabl><attrdef>Internal feature number.</attrdef><attrdefs>ESRI</attrdefs><attalias Sync="TRUE">OID</attalias><attrtype Sync="TRUE">OID</attrtype><attwidth Sync="TRUE">4</attwidth><atprecis Sync="TRUE">0</atprecis><attscale Sync="TRUE">0</attscale><attrdomv><udom Sync="TRUE">Sequential unique whole numbers that are automatically generated.</udom></attrdomv></attr><attr xmlns=""><attrlabl Sync="TRUE">Value</attrlabl><attalias Sync="TRUE">Value</attalias><attrtype Sync="TRUE">Integer</attrtype><attwidth Sync="TRUE">0</attwidth><atprecis Sync="TRUE">0</atprecis><attscale Sync="TRUE">0</attscale><attrdef> Percent tree canopy cover</attrdef><attrdomv><rdom xmlns=""><rdommin>-100</rdommin><rdommax>100</rdommax><attrunit>Percent</attrunit></rdom></attrdomv></attr><attr xmlns=""><attrlabl Sync="TRUE">Count</attrlabl><attalias Sync="TRUE">Count</attalias><attrtype Sync="TRUE">Double</attrtype><attwidth Sync="TRUE">0</attwidth><atprecis Sync="TRUE">0</atprecis><attscale Sync="TRUE">0</attscale></attr><attr xmlns=""><attrlabl Sync="TRUE">Red</attrlabl><attalias Sync="TRUE">Red</attalias><attrtype Sync="TRUE">Integer</attrtype><attwidth Sync="TRUE">0</attwidth><atprecis Sync="TRUE">0</atprecis><attscale Sync="TRUE">0</attscale></attr><attr xmlns=""><attrlabl Sync="TRUE">Green</attrlabl><attalias Sync="TRUE">Green</attalias><attrtype Sync="TRUE">Integer</attrtype><attwidth Sync="TRUE">0</attwidth><atprecis Sync="TRUE">0</atprecis><attscale Sync="TRUE">0</attscale></attr><attr xmlns=""><attrlabl Sync="TRUE">Blue</attrlabl><attalias Sync="TRUE">Blue</attalias><attrtype Sync="TRUE">Integer</attrtype><attwidth Sync="TRUE">0</attwidth><atprecis Sync="TRUE">0</atprecis><attscale Sync="TRUE">0</attscale></attr></detailed></eainfo><mdHrLvName Sync="TRUE">dataset</mdHrLvName><refSysInfo><RefSystem><refSysID><identCode code="0" Sync="TRUE"/></refSysID></RefSystem></refSysInfo><mdDateSt Sync="TRUE">20191007</mdDateSt></metadata>
