<?xml version='1.0' encoding='UTF-8'?>
<!--Record created using version 2.0.5 of the USGS Metadata Wizard tool. (https://github.com/usgs/fort-pymdwizard)-->
<metadata>
  <idinfo>
    <citation>
      <citeinfo>
        <origin>U.S. Geological Survey</origin>
        <pubdate>201901</pubdate>
        <title>NLCD 2016 Impervious Surface Conterminous United States</title>
        <geoform>remote-sensing image</geoform>
        <serinfo>
          <sername>None</sername>
          <issue>None</issue>
        </serinfo>
        <pubinfo>
          <pubplace>Sioux Falls, SD</pubplace>
          <publish>U.S. Geological Survey</publish>
        </pubinfo>
        <othercit>References: Yang, L., et al. (2018). "A new generation of the United States National Land Cover Database: Requirements, research priorities, design, and implementation strategies." ISPRS Journal of Photogrammetry and Remote Sensing 146: 108-123.</othercit>
        <onlink>https://doi.org/10.5066/P937PN4Z</onlink>
        <onlink>https://www.mrlc.gov/data</onlink>
        <onlink>https://www.mrlc.gov/data-services-page</onlink>
      </citeinfo>
    </citation>
    <descript>
      <abstract>The U.S. Geological Survey (USGS), in partnership with several federal agencies, has developed and released four
National Land Cover Database (NLCD) products over the past two decades: NLCD 1992, 2001, 2006, and 2011.
These products provide spatially explicit and reliable information on the Nation’s land cover and land cover
change. To continue the legacy of NLCD and further establish a long-term monitoring capability for the Nation’s
land resources, the USGS has designed a new generation of NLCD products named NLCD 2016. The NLCD 2016
design aims to provide innovative, consistent, and robust methodologies for production of a multi-temporal land
cover and land cover change database from 2001 to 2016 at 2–3-year intervals. Comprehensive research was
conducted and resulted in developed strategies for NLCD 2016: a streamlined process for assembling and preprocessing
Landsat imagery and geospatial ancillary datasets; a multi-source integrated training data development
and decision-tree based land cover classifications; a temporally, spectrally, and spatially integrated land
cover change analysis strategy; a hierarchical theme-based post-classification and integration protocol for
generating land cover and change products; a continuous fields biophysical parameters modeling method; and
an automated scripted operational system for the NLCD 2016 production. The performance of the developed
strategies and methods were tested in twenty World Reference System-2 path/row throughout the conterminous
U.S. An overall agreement ranging from 71% to 97% between land cover classification and reference data was
achieved for all tested area and all years. Results from this study confirm the robustness of this comprehensive
and highly automated procedure for NLCD 2016 operational mapping.
Questions about the NLCD 2016 land cover product can be directed to the NLCD 2016 land cover mapping team at USGS EROS, Sioux Falls, SD (605) 594-6151 or mrlc@usgs.gov. See included spatial metadata for more details.</abstract>
      <purpose>The goal of this project is to provide the Nation with complete, current and consistent public domain information on its land use and land cover.</purpose>
      <supplinf>Corner Coordinates (center of pixel, projection meters)
Upper Left Corner:  -2493045 meters(X),  3310005 meters(Y)
Lower Right Corner: 2342655 meters(X),  177285 meters(Y)</supplinf>
    </descript>
    <timeperd>
      <timeinfo>
        <rngdates>
          <begdate>2001</begdate>
          <enddate>2016</enddate>
        </rngdates>
      </timeinfo>
      <current>ground condition</current>
    </timeperd>
    <status>
      <progress>In work</progress>
      <update>Every 5 years</update>
    </status>
    <spdom>
      <bounding>
        <westbc>-130.2328</westbc>
        <eastbc>-63.6722</eastbc>
        <northbc>52.8510</northbc>
        <southbc>21.7423</southbc>
      </bounding>
    </spdom>
    <keywords>
      <theme>
        <themekt>ISO 19115 Topic Category</themekt>
        <themekey>biota</themekey>
        <themekey>biota</themekey>
      </theme>
      <theme>
        <themekt>NGDA Portfolio Themes</themekt>
        <themekey>NGDA</themekey>
        <themekey>National Geospatial Data Asset</themekey>
        <themekey>Land Use Land Cover Theme</themekey>
      </theme>
      <theme>
        <themekt>None</themekt>
        <themekey>Land cover</themekey>
        <themekey>Image processing</themekey>
        <themekey>GIS</themekey>
        <themekey>U.S. Geological Survey (USGS)</themekey>
        <themekey>digital spatial data</themekey>
      </theme>
      <theme>
        <themekt>U.S. Department of Commerce, 1995, (Countries, dependencies, areas of special sovereignty, and their principal administrative divisions, Federal Information Processing Standard 10-4):  Washington, D.C., National Institute of Standards and Technology</themekt>
        <themekey>United States</themekey>
        <themekey>U.S.</themekey>
        <themekey>US</themekey>
      </theme>
      <place>
        <placekt>None</placekt>
        <placekey>None</placekey>
      </place>
    </keywords>
    <accconst>None</accconst>
    <useconst>None</useconst>
    <ptcontac>
      <cntinfo>
        <cntorgp>
          <cntorg>U.S. Geological Survey</cntorg>
        </cntorgp>
        <cntpos>Customer Service Representative</cntpos>
        <cntaddr>
          <addrtype>mailing and physical address</addrtype>
          <address>47914 252nd Street</address>
          <city>Sioux Falls</city>
          <state>SD</state>
          <postal>57198-0001</postal>
          <country>USA</country>
        </cntaddr>
        <cntvoice>605/594-6151</cntvoice>
        <cntfax>605/594-6589</cntfax>
        <cntemail>custserv@usgs.gov</cntemail>
      </cntinfo>
    </ptcontac>
    <datacred>U.S. Geological Survey</datacred>
    <secinfo>
      <secsys>None</secsys>
      <secclass>Unclassified</secclass>
      <sechandl>N/A</sechandl>
    </secinfo>
    <native>Microsoft Windows 10; ESRI ArcCatalog 10.5.1</native>
  </idinfo>
  <dataqual>
    <attracc>
      <attraccr>A formal accuracy assessment has not been conducted for NLCD 2016 Land Cover, NLCD 2016 Land Cover Change, or NLCD 2016 Impervious Surface products.</attraccr>
      <qattracc>
        <attraccv>Unknown</attraccv>
        <attracce>This document and the described land cover map are considered "provisional" until a formal accuracy assessment is completed.  The U.S. Geological Survey can make no guarantee as to the accuracy or completeness of this information, and it is provided with the understanding that it is not guaranteed to be correct or complete. Conclusions drawn from this information are the responsibility of the user.</attracce>
      </qattracc>
    </attracc>
    <logic>The NLCD 2016 final seamless products include: 1) NLCD 2016 Land Cover; 2) NLCD 2016 Impervious Surface; 3) NLCD 2016 Land Cover Change Index.</logic>
    <complete>This NLCD product is the version dated January, 2019.</complete>
    <posacc>
      <horizpa>
        <horizpar>N/A</horizpar>
      </horizpa>
      <vertacc>
        <vertaccr>N/A</vertaccr>
      </vertacc>
    </posacc>
    <lineage>
      <procstep>
        <procdesc>Defense Meteorological Satellite Program (DMSP) Nighttime Lights and Visible Infrared Imaging Radiometer Suite (VIIRS) Day/Night band Nighttime Lights have been applied by many researchers as a way to study such topics as population density and economic activity. These two datasets are used in the generation of training data for the new NLCD 2016 Impervious Surface for 2011 and 2016, respectively. 
DMSP Nighttime Lights (for 2011) and VIIRS Day/Night band Nighttime Lights (for 2016) were superimposed on NLCD 2011 Impervious Surface data to exclude low density impervious areas outside urban and suburban centers, and ensure that only core urban areas were included in training data development. Two training datasets, one of larger extent, one smaller, were assembled by imposing two separate thresholds of nighttime lights imagery onto the NLCD 2011 Impervious Surface data layer.
Each of the two training datasets were used separately to build regression tree models for predicting percent impervious surface using 2011 Landsat imagery as predictive variables. These two sets of regression tree models were the basis of two 2011 initial impervious surface maps. The same two training datasets were used with 2016 Landsat imagery to create two sets of regression tree models and two 2016 initial impervious surface maps.
The two pairs of initial impervious surface maps - 2 each for 2011 and 2016 - were compared to remove false estimates caused by high reflectance in non-urban areas, as well as to retain 2011 impervious values unchanged from 2011 to 2016. An updated 2016 impervious surface map was generated.
The last step is a clean-up to correct mapping errors with automated processes and some hand editing. For example, false impervious estimates in mines and barren land were removed, and developed areas with low imperviousness, such as city parks and golf courses, were added.</procdesc>
        <srcused>Landsat ETM, Landsat TM, DEM, USGS/EROS</srcused>
        <procdate>2016</procdate>
        <srcprod>USGS National Land Cover Database</srcprod>
      </procstep>
    </lineage>
  </dataqual>
  <spdoinfo>
    <direct>Raster</direct>
    <rastinfo>
      <rasttype>Grid Cell</rasttype>
      <rowcount>104424</rowcount>
      <colcount>161190</colcount>
      <vrtcount>1</vrtcount>
    </rastinfo>
  </spdoinfo>
  <spref>
    <horizsys>
      <planar>
        <mapproj>
          <mapprojn>Albers Conical Equal Area</mapprojn>
          <albers>
            <stdparll>29.5</stdparll>
            <stdparll>45.5</stdparll>
            <longcm>-96.0</longcm>
            <latprjo>23.0</latprjo>
            <feast>0.0</feast>
            <fnorth>0.0</fnorth>
          </albers>
        </mapproj>
        <planci>
          <plance>row and column</plance>
          <coordrep>
            <absres>30.0</absres>
            <ordres>30.0</ordres>
          </coordrep>
          <plandu>meters</plandu>
        </planci>
      </planar>
      <geodetic>
        <horizdn>WGS_1984</horizdn>
        <ellips>WGS 84</ellips>
        <semiaxis>6378137.0</semiaxis>
        <denflat>298.257223563</denflat>
      </geodetic>
    </horizsys>
  </spref>
  <eainfo>
    <detailed>
      <enttyp>
        <enttypl>None</enttypl>
        <enttypd>NLCD Impervious Surface</enttypd>
        <enttypds>National Land Cover Database 2016</enttypds>
      </enttyp>
      <attr>
        <attrlabl>ObjectID</attrlabl>
        <attrdef>Internal feature number</attrdef>
        <attrdefs>ESRI</attrdefs>
        <attrdomv>
          <udom>Sequential unique whole numbers that are automatically generated.</udom>
        </attrdomv>
      </attr>
      <attr>
        <attrlabl>Value</attrlabl>
        <attrdef>Percent Imperviousness</attrdef>
        <attrdefs>NLCD 2016</attrdefs>
        <attrdomv><rdom>
            <rdommin>0</rdommin>
            <rdommax>100</rdommax>
            <attrunit>percentage</attrunit>
            <attrmres>0.1</attrmres>
          </rdom>
        </attrdomv>
      </attr>
      <attr>
        <attrlabl>Count</attrlabl>
        <attrdef>A nominal integer value that designates the number of pixels that have each value in the file; histogram column in ERDAS Imagine raster attributes table</attrdef>
        <attrdefs>NLCD 2016</attrdefs>
        <attrdomv><udom>Integer</udom>
        </attrdomv>
      </attr>
      <attr>
        <attrlabl>Red</attrlabl>
        <attrdef>Red color code for RGB slice by value for imperviousness image display purposes.  The value is arbitrarily assigned by the display software package, unless defined by user.  Standard user defined ramp for NLCD project is start color light gray, end color red.</attrdef>
        <attrdefs>NLCD 2016</attrdefs>
        <attrdomv><rdom>
            <rdommin>0</rdommin>
            <rdommax>100</rdommax>
            <attrunit>CSS Color Value Percentage</attrunit>
            <attrmres>0.1</attrmres>
          </rdom>
        </attrdomv>
      </attr>
      <attr>
        <attrlabl>Green</attrlabl>
        <attrdef>Green color code for RGB slice by value for imperviousness image display purposes.  The value is arbitrarily assigned by the display software package, unless defined by user.  Standard user defined ramp for NLCD project is start color light gray, end color red.</attrdef>
        <attrdefs>NLCD 2016</attrdefs>
        <attrdomv><rdom>
            <rdommin>0</rdommin>
            <rdommax>100</rdommax>
            <attrunit>CSS Color Value Percentage</attrunit>
            <attrmres>0.1</attrmres>
          </rdom>
        </attrdomv>
      </attr>
      <attr>
        <attrlabl>Blue</attrlabl>
        <attrdef>Blue color code for RGB slice by value for imperviousness image display purposes.  The value is arbitrarily assigned by the display software package, unless defined by user.  Standard user defined ramp for NLCD project is start color light gray, end color red.</attrdef>
        <attrdefs>NLCD 2016</attrdefs>
        <attrdomv><rdom>
            <rdommin>0</rdommin>
            <rdommax>100</rdommax>
            <attrunit>CSS Color Value Percentage</attrunit>
            <attrmres>0.1</attrmres>
          </rdom>
        </attrdomv>
      </attr>
      <attr>
        <attrlabl>Opacity</attrlabl>
        <attrdef>A measure of how opaque, or solid, a color is displayed in a layer.</attrdef>
        <attrdefs>NLCD 2016</attrdefs>
        <attrdomv><rdom>
            <rdommin>0</rdommin>
            <rdommax>100</rdommax>
            <attrunit>Percentage</attrunit>
            <attrmres>0.1</attrmres>
          </rdom>
        </attrdomv>
      </attr>
    </detailed>
    <overview>
      <eaover>Impervious Surface Attributes</eaover>
      <eadetcit>Attributes defined by USGS and ESRI.</eadetcit>
    </overview>
  </eainfo>
  <distinfo>
    <distrib>
      <cntinfo>
        <cntorgp>
          <cntorg>U.S. Geological Survey</cntorg>
        </cntorgp>
        <cntpos>Customer Service Representative</cntpos>
        <cntaddr>
          <addrtype>mailing and physical address</addrtype>
          <address>47914 252nd Street</address>
          <city>Sioux Falls</city>
          <state>SD</state>
          <postal>57198-0001</postal>
          <country>USA</country>
        </cntaddr>
        <cntvoice>605/594-6151</cntvoice>
        <cntfax>605/594-6589</cntfax>
        <cntemail>custserv@usgs.gov</cntemail>
      </cntinfo>
    </distrib>
    <distliab>Although these data have been processed successfully on a computer system at the USGS, no warranty expressed or implied is made by the USGS regarding the use of the data on any other system, nor does the act of distribution constitute any such warranty.  Data may have been compiled from various outside sources.  Spatial information may not meet National Map Accuracy Standards.  This information may be updated without notification. The USGS shall not be liable for any activity involving these data, installation, fitness of the data for a particular purpose, its use, or analyses results.</distliab>
    <stdorder>
      <digform><digtinfo>
          <formname>ERDAS</formname>
          <formvern>Imagine 2016</formvern>
          <formspec>.img</formspec>
          <transize>1012.0</transize>
        </digtinfo>
        <digtopt><onlinopt><computer><networka><networkr>https://www.mrlc.gov</networkr></networka></computer></onlinopt></digtopt></digform>
      <fees>None</fees>
    </stdorder>
    <techpreq>ESRI ArcMap Suite and/or Arc/Info software, and supporting operating systems.</techpreq>
  </distinfo>
  <metainfo>
    <metd>20181211</metd>
    <metc>
      <cntinfo>
        <cntorgp>
          <cntorg>U.S. Geological Survey</cntorg>
        </cntorgp>
        <cntpos>Customer Services Representative</cntpos>
        <cntaddr>
          <addrtype>mailing and physical address</addrtype>
          <address>47914 252nd Street</address>
          <city>Sioux Falls</city>
          <state>SD</state>
          <postal>57198-0001</postal>
          <country>USA</country>
        </cntaddr>
        <cntvoice>605/594-6151</cntvoice>
        <cntfax>605/594-6589</cntfax>
        <cntemail>custserv@usgs.gov</cntemail>
      </cntinfo>
    </metc>
    <metstdn>FGDC Content Standard for Digital Geospatial Metadata</metstdn>
    <metstdv>FGDC-STD-001-1998</metstdv>
    <mettc>local time</mettc>
  </metainfo>
</metadata>
