<PAMDataset>
  <PAMRasterBand band="1">
    <Description>Layer_1</Description>
    <GDALRasterAttributeTable Row0Min="0" BinSize="1">
      <FieldDefn index="0">
        <Name>Red</Name>
        <Type>0</Type>
        <Usage>6</Usage>
      </FieldDefn>
      <FieldDefn index="1">
        <Name>Green</Name>
        <Type>0</Type>
        <Usage>7</Usage>
      </FieldDefn>
      <FieldDefn index="2">
        <Name>Blue</Name>
        <Type>0</Type>
        <Usage>8</Usage>
      </FieldDefn>
      <FieldDefn index="3">
        <Name>Opacity</Name>
        <Type>0</Type>
        <Usage>9</Usage>
      </FieldDefn>
      <FieldDefn index="4">
        <Name>Count</Name>
        <Type>0</Type>
        <Usage>0</Usage>
      </FieldDefn>
      <Row index="0">
        <F>255</F>
        <F>255</F>
        <F>191</F>
        <F>255</F>
        <F>1780359</F>
      </Row>
      <Row index="1">
        <F>255</F>
        <F>255</F>
        <F>191</F>
        <F>255</F>
        <F>3</F>
      </Row>
      <Row index="2">
        <F>254</F>
        <F>255</F>
        <F>191</F>
        <F>255</F>
        <F>6</F>
      </Row>
      <Row index="3">
        <F>250</F>
        <F>252</F>
        <F>187</F>
        <F>255</F>
        <F>0</F>
      </Row>
      <Row index="4">
        <F>249</F>
        <F>252</F>
        <F>187</F>
        <F>255</F>
        <F>4</F>
      </Row>
      <Row index="5">
        <F>245</F>
        <F>250</F>
        <F>182</F>
        <F>255</F>
        <F>3</F>
      </Row>
      <Row index="6">
        <F>244</F>
        <F>250</F>
        <F>182</F>
        <F>255</F>
        <F>4</F>
      </Row>
      <Row index="7">
        <F>241</F>
        <F>247</F>
        <F>181</F>
        <F>255</F>
        <F>6</F>
      </Row>
      <Row index="8">
        <F>239</F>
        <F>247</F>
        <F>178</F>
        <F>255</F>
        <F>1</F>
      </Row>
      <Row index="9">
        <F>236</F>
        <F>245</F>
        <F>176</F>
        <F>255</F>
        <F>6</F>
      </Row>
      <Row index="10">
        <F>234</F>
        <F>245</F>
        <F>174</F>
        <F>255</F>
        <F>6</F>
      </Row>
      <Row index="11">
        <F>233</F>
        <F>245</F>
        <F>174</F>
        <F>255</F>
        <F>6</F>
      </Row>
      <Row index="12">
        <F>230</F>
        <F>242</F>
        <F>170</F>
        <F>255</F>
        <F>2</F>
      </Row>
      <Row index="13">
        <F>229</F>
        <F>242</F>
        <F>170</F>
        <F>255</F>
        <F>5</F>
      </Row>
      <Row index="14">
        <F>225</F>
        <F>240</F>
        <F>168</F>
        <F>255</F>
        <F>4</F>
      </Row>
      <Row index="15">
        <F>224</F>
        <F>240</F>
        <F>165</F>
        <F>255</F>
        <F>1</F>
      </Row>
      <Row index="16">
        <F>220</F>
        <F>237</F>
        <F>164</F>
        <F>255</F>
        <F>6</F>
      </Row>
      <Row index="17">
        <F>219</F>
        <F>237</F>
        <F>161</F>
        <F>255</F>
        <F>5</F>
      </Row>
      <Row index="18">
        <F>216</F>
        <F>235</F>
        <F>160</F>
        <F>255</F>
        <F>7</F>
      </Row>
      <Row index="19">
        <F>214</F>
        <F>235</F>
        <F>157</F>
        <F>255</F>
        <F>5</F>
      </Row>
      <Row index="20">
        <F>210</F>
        <F>232</F>
        <F>155</F>
        <F>255</F>
        <F>8</F>
      </Row>
      <Row index="21">
        <F>210</F>
        <F>232</F>
        <F>155</F>
        <F>255</F>
        <F>11</F>
      </Row>
      <Row index="22">
        <F>208</F>
        <F>232</F>
        <F>153</F>
        <F>255</F>
        <F>21</F>
      </Row>
      <Row index="23">
        <F>205</F>
        <F>230</F>
        <F>151</F>
        <F>255</F>
        <F>66</F>
      </Row>
      <Row index="24">
        <F>204</F>
        <F>230</F>
        <F>149</F>
        <F>255</F>
        <F>111</F>
      </Row>
      <Row index="25">
        <F>200</F>
        <F>227</F>
        <F>148</F>
        <F>255</F>
        <F>181</F>
      </Row>
      <Row index="26">
        <F>200</F>
        <F>227</F>
        <F>145</F>
        <F>255</F>
        <F>326</F>
      </Row>
      <Row index="27">
        <F>196</F>
        <F>224</F>
        <F>144</F>
        <F>255</F>
        <F>441</F>
      </Row>
      <Row index="28">
        <F>194</F>
        <F>224</F>
        <F>141</F>
        <F>255</F>
        <F>515</F>
      </Row>
      <Row index="29">
        <F>194</F>
        <F>224</F>
        <F>141</F>
        <F>255</F>
        <F>567</F>
      </Row>
      <Row index="30">
        <F>190</F>
        <F>222</F>
        <F>140</F>
        <F>255</F>
        <F>605</F>
      </Row>
      <Row index="31">
        <F>190</F>
        <F>222</F>
        <F>138</F>
        <F>255</F>
        <F>582</F>
      </Row>
      <Row index="32">
        <F>186</F>
        <F>219</F>
        <F>136</F>
        <F>255</F>
        <F>573</F>
      </Row>
      <Row index="33">
        <F>185</F>
        <F>219</F>
        <F>134</F>
        <F>255</F>
        <F>614</F>
      </Row>
      <Row index="34">
        <F>182</F>
        <F>217</F>
        <F>132</F>
        <F>255</F>
        <F>548</F>
      </Row>
      <Row index="35">
        <F>181</F>
        <F>217</F>
        <F>130</F>
        <F>255</F>
        <F>510</F>
      </Row>
      <Row index="36">
        <F>177</F>
        <F>214</F>
        <F>129</F>
        <F>255</F>
        <F>496</F>
      </Row>
      <Row index="37">
        <F>176</F>
        <F>214</F>
        <F>126</F>
        <F>255</F>
        <F>427</F>
      </Row>
      <Row index="38">
        <F>175</F>
        <F>214</F>
        <F>126</F>
        <F>255</F>
        <F>433</F>
      </Row>
      <Row index="39">
        <F>172</F>
        <F>212</F>
        <F>123</F>
        <F>255</F>
        <F>370</F>
      </Row>
      <Row index="40">
        <F>170</F>
        <F>212</F>
        <F>123</F>
        <F>255</F>
        <F>357</F>
      </Row>
      <Row index="41">
        <F>167</F>
        <F>209</F>
        <F>119</F>
        <F>255</F>
        <F>314</F>
      </Row>
      <Row index="42">
        <F>166</F>
        <F>209</F>
        <F>119</F>
        <F>255</F>
        <F>281</F>
      </Row>
      <Row index="43">
        <F>163</F>
        <F>207</F>
        <F>116</F>
        <F>255</F>
        <F>240</F>
      </Row>
      <Row index="44">
        <F>161</F>
        <F>207</F>
        <F>116</F>
        <F>255</F>
        <F>244</F>
      </Row>
      <Row index="45">
        <F>159</F>
        <F>204</F>
        <F>114</F>
        <F>255</F>
        <F>223</F>
      </Row>
      <Row index="46">
        <F>157</F>
        <F>204</F>
        <F>112</F>
        <F>255</F>
        <F>206</F>
      </Row>
      <Row index="47">
        <F>157</F>
        <F>204</F>
        <F>112</F>
        <F>255</F>
        <F>165</F>
      </Row>
      <Row index="48">
        <F>152</F>
        <F>201</F>
        <F>109</F>
        <F>255</F>
        <F>172</F>
      </Row>
      <Row index="49">
        <F>152</F>
        <F>201</F>
        <F>109</F>
        <F>255</F>
        <F>133</F>
      </Row>
      <Row index="50">
        <F>149</F>
        <F>199</F>
        <F>105</F>
        <F>255</F>
        <F>125</F>
      </Row>
      <Row index="51">
        <F>147</F>
        <F>199</F>
        <F>105</F>
        <F>255</F>
        <F>91</F>
      </Row>
      <Row index="52">
        <F>145</F>
        <F>196</F>
        <F>102</F>
        <F>255</F>
        <F>106</F>
      </Row>
      <Row index="53">
        <F>143</F>
        <F>196</F>
        <F>102</F>
        <F>255</F>
        <F>91</F>
      </Row>
      <Row index="54">
        <F>142</F>
        <F>196</F>
        <F>100</F>
        <F>255</F>
        <F>82</F>
      </Row>
      <Row index="55">
        <F>140</F>
        <F>194</F>
        <F>99</F>
        <F>255</F>
        <F>69</F>
      </Row>
      <Row index="56">
        <F>137</F>
        <F>194</F>
        <F>97</F>
        <F>255</F>
        <F>70</F>
      </Row>
      <Row index="57">
        <F>135</F>
        <F>191</F>
        <F>96</F>
        <F>255</F>
        <F>58</F>
      </Row>
      <Row index="58">
        <F>134</F>
        <F>191</F>
        <F>94</F>
        <F>255</F>
        <F>58</F>
      </Row>
      <Row index="59">
        <F>130</F>
        <F>189</F>
        <F>91</F>
        <F>255</F>
        <F>70</F>
      </Row>
      <Row index="60">
        <F>130</F>
        <F>189</F>
        <F>91</F>
        <F>255</F>
        <F>75</F>
      </Row>
      <Row index="61">
        <F>127</F>
        <F>189</F>
        <F>89</F>
        <F>255</F>
        <F>64</F>
      </Row>
      <Row index="62">
        <F>125</F>
        <F>186</F>
        <F>87</F>
        <F>255</F>
        <F>66</F>
      </Row>
      <Row index="63">
        <F>124</F>
        <F>186</F>
        <F>86</F>
        <F>255</F>
        <F>76</F>
      </Row>
      <Row index="64">
        <F>121</F>
        <F>184</F>
        <F>84</F>
        <F>255</F>
        <F>101</F>
      </Row>
      <Row index="65">
        <F>120</F>
        <F>184</F>
        <F>83</F>
        <F>255</F>
        <F>114</F>
      </Row>
      <Row index="66">
        <F>118</F>
        <F>181</F>
        <F>81</F>
        <F>255</F>
        <F>103</F>
      </Row>
      <Row index="67">
        <F>115</F>
        <F>181</F>
        <F>80</F>
        <F>255</F>
        <F>93</F>
      </Row>
      <Row index="68">
        <F>115</F>
        <F>181</F>
        <F>80</F>
        <F>255</F>
        <F>115</F>
      </Row>
      <Row index="69">
        <F>112</F>
        <F>179</F>
        <F>77</F>
        <F>255</F>
        <F>111</F>
      </Row>
      <Row index="70">
        <F>111</F>
        <F>179</F>
        <F>77</F>
        <F>255</F>
        <F>136</F>
      </Row>
      <Row index="71">
        <F>108</F>
        <F>176</F>
        <F>74</F>
        <F>255</F>
        <F>111</F>
      </Row>
      <Row index="72">
        <F>107</F>
        <F>176</F>
        <F>72</F>
        <F>255</F>
        <F>157</F>
      </Row>
      <Row index="73">
        <F>103</F>
        <F>173</F>
        <F>71</F>
        <F>255</F>
        <F>158</F>
      </Row>
      <Row index="74">
        <F>102</F>
        <F>173</F>
        <F>69</F>
        <F>255</F>
        <F>131</F>
      </Row>
      <Row index="75">
        <F>102</F>
        <F>173</F>
        <F>69</F>
        <F>255</F>
        <F>140</F>
      </Row>
      <Row index="76">
        <F>98</F>
        <F>171</F>
        <F>67</F>
        <F>255</F>
        <F>137</F>
      </Row>
      <Row index="77">
        <F>97</F>
        <F>171</F>
        <F>65</F>
        <F>255</F>
        <F>155</F>
      </Row>
      <Row index="78">
        <F>95</F>
        <F>168</F>
        <F>64</F>
        <F>255</F>
        <F>154</F>
      </Row>
      <Row index="79">
        <F>92</F>
        <F>168</F>
        <F>62</F>
        <F>255</F>
        <F>138</F>
      </Row>
      <Row index="80">
        <F>91</F>
        <F>166</F>
        <F>61</F>
        <F>255</F>
        <F>146</F>
      </Row>
      <Row index="81">
        <F>90</F>
        <F>166</F>
        <F>60</F>
        <F>255</F>
        <F>141</F>
      </Row>
      <Row index="82">
        <F>87</F>
        <F>166</F>
        <F>58</F>
        <F>255</F>
        <F>125</F>
      </Row>
      <Row index="83">
        <F>85</F>
        <F>163</F>
        <F>57</F>
        <F>255</F>
        <F>139</F>
      </Row>
      <Row index="84">
        <F>84</F>
        <F>163</F>
        <F>55</F>
        <F>255</F>
        <F>109</F>
      </Row>
      <Row index="85">
        <F>83</F>
        <F>161</F>
        <F>55</F>
        <F>255</F>
        <F>93</F>
      </Row>
      <Row index="86">
        <F>80</F>
        <F>161</F>
        <F>53</F>
        <F>255</F>
        <F>94</F>
      </Row>
      <Row index="87">
        <F>77</F>
        <F>158</F>
        <F>51</F>
        <F>255</F>
        <F>76</F>
      </Row>
      <Row index="88">
        <F>77</F>
        <F>158</F>
        <F>51</F>
        <F>255</F>
        <F>57</F>
      </Row>
      <Row index="89">
        <F>74</F>
        <F>158</F>
        <F>49</F>
        <F>255</F>
        <F>38</F>
      </Row>
      <Row index="90">
        <F>72</F>
        <F>156</F>
        <F>47</F>
        <F>255</F>
        <F>20</F>
      </Row>
      <Row index="91">
        <F>72</F>
        <F>156</F>
        <F>47</F>
        <F>255</F>
        <F>4</F>
      </Row>
      <Row index="92">
        <F>68</F>
        <F>153</F>
        <F>44</F>
        <F>255</F>
        <F>1</F>
      </Row>
      <Row index="93">
        <F>67</F>
        <F>153</F>
        <F>43</F>
        <F>255</F>
        <F>2</F>
      </Row>
      <Row index="94">
        <F>67</F>
        <F>153</F>
        <F>43</F>
        <F>255</F>
        <F>0</F>
      </Row>
      <Row index="95">
        <F>64</F>
        <F>150</F>
        <F>41</F>
        <F>255</F>
        <F>2</F>
      </Row>
      <Row index="96">
        <F>61</F>
        <F>150</F>
        <F>39</F>
        <F>255</F>
        <F>0</F>
      </Row>
      <Row index="97">
        <F>59</F>
        <F>148</F>
        <F>37</F>
        <F>255</F>
        <F>0</F>
      </Row>
      <Row index="98">
        <F>59</F>
        <F>148</F>
        <F>37</F>
        <F>255</F>
        <F>0</F>
      </Row>
      <Row index="99">
        <F>55</F>
        <F>145</F>
        <F>35</F>
        <F>255</F>
        <F>0</F>
      </Row>
      <Row index="100">
        <F>54</F>
        <F>145</F>
        <F>33</F>
        <F>255</F>
        <F>0</F>
      </Row>
      <Row index="101">
        <F>255</F>
        <F>253</F>
        <F>189</F>
        <F>255</F>
        <F>7</F>
      </Row>
      <Row index="102">
        <F>255</F>
        <F>250</F>
        <F>186</F>
        <F>255</F>
        <F>16</F>
      </Row>
      <Row index="103">
        <F>255</F>
        <F>248</F>
        <F>186</F>
        <F>255</F>
        <F>12</F>
      </Row>
      <Row index="104">
        <F>255</F>
        <F>245</F>
        <F>184</F>
        <F>255</F>
        <F>20</F>
      </Row>
      <Row index="105">
        <F>255</F>
        <F>244</F>
        <F>181</F>
        <F>255</F>
        <F>18</F>
      </Row>
      <Row index="106">
        <F>252</F>
        <F>239</F>
        <F>177</F>
        <F>255</F>
        <F>13</F>
      </Row>
      <Row index="107">
        <F>252</F>
        <F>237</F>
        <F>174</F>
        <F>255</F>
        <F>11</F>
      </Row>
      <Row index="108">
        <F>252</F>
        <F>234</F>
        <F>172</F>
        <F>255</F>
        <F>8</F>
      </Row>
      <Row index="109">
        <F>252</F>
        <F>232</F>
        <F>172</F>
        <F>255</F>
        <F>10</F>
      </Row>
      <Row index="110">
        <F>252</F>
        <F>230</F>
        <F>169</F>
        <F>255</F>
        <F>249</F>
      </Row>
      <Row index="111">
        <F>252</F>
        <F>228</F>
        <F>167</F>
        <F>255</F>
        <F>476</F>
      </Row>
      <Row index="112">
        <F>252</F>
        <F>226</F>
        <F>164</F>
        <F>255</F>
        <F>690</F>
      </Row>
      <Row index="113">
        <F>250</F>
        <F>221</F>
        <F>162</F>
        <F>255</F>
        <F>728</F>
      </Row>
      <Row index="114">
        <F>250</F>
        <F>218</F>
        <F>160</F>
        <F>255</F>
        <F>622</F>
      </Row>
      <Row index="115">
        <F>250</F>
        <F>218</F>
        <F>157</F>
        <F>255</F>
        <F>529</F>
      </Row>
      <Row index="116">
        <F>250</F>
        <F>215</F>
        <F>155</F>
        <F>255</F>
        <F>403</F>
      </Row>
      <Row index="117">
        <F>250</F>
        <F>213</F>
        <F>155</F>
        <F>255</F>
        <F>280</F>
      </Row>
      <Row index="118">
        <F>250</F>
        <F>211</F>
        <F>152</F>
        <F>255</F>
        <F>279</F>
      </Row>
      <Row index="119">
        <F>250</F>
        <F>208</F>
        <F>150</F>
        <F>255</F>
        <F>239</F>
      </Row>
      <Row index="120">
        <F>247</F>
        <F>203</F>
        <F>146</F>
        <F>255</F>
        <F>179</F>
      </Row>
      <Row index="121">
        <F>247</F>
        <F>203</F>
        <F>146</F>
        <F>255</F>
        <F>178</F>
      </Row>
      <Row index="122">
        <F>247</F>
        <F>201</F>
        <F>143</F>
        <F>255</F>
        <F>183</F>
      </Row>
      <Row index="123">
        <F>247</F>
        <F>198</F>
        <F>141</F>
        <F>255</F>
        <F>169</F>
      </Row>
      <Row index="124">
        <F>247</F>
        <F>195</F>
        <F>139</F>
        <F>255</F>
        <F>141</F>
      </Row>
      <Row index="125">
        <F>245</F>
        <F>193</F>
        <F>137</F>
        <F>255</F>
        <F>192</F>
      </Row>
      <Row index="126">
        <F>245</F>
        <F>190</F>
        <F>135</F>
        <F>255</F>
        <F>175</F>
      </Row>
      <Row index="127">
        <F>245</F>
        <F>188</F>
        <F>132</F>
        <F>255</F>
        <F>217</F>
      </Row>
      <Row index="128">
        <F>245</F>
        <F>187</F>
        <F>132</F>
        <F>255</F>
        <F>231</F>
      </Row>
      <Row index="129">
        <F>245</F>
        <F>183</F>
        <F>130</F>
        <F>255</F>
        <F>262</F>
      </Row>
      <Row index="130">
        <F>242</F>
        <F>180</F>
        <F>126</F>
        <F>255</F>
        <F>299</F>
      </Row>
      <Row index="131">
        <F>242</F>
        <F>177</F>
        <F>124</F>
        <F>255</F>
        <F>346</F>
      </Row>
      <Row index="132">
        <F>242</F>
        <F>177</F>
        <F>124</F>
        <F>255</F>
        <F>354</F>
      </Row>
      <Row index="133">
        <F>242</F>
        <F>174</F>
        <F>121</F>
        <F>255</F>
        <F>394</F>
      </Row>
      <Row index="134">
        <F>242</F>
        <F>172</F>
        <F>119</F>
        <F>255</F>
        <F>404</F>
      </Row>
      <Row index="135">
        <F>240</F>
        <F>168</F>
        <F>117</F>
        <F>255</F>
        <F>492</F>
      </Row>
      <Row index="136">
        <F>240</F>
        <F>167</F>
        <F>115</F>
        <F>255</F>
        <F>484</F>
      </Row>
      <Row index="137">
        <F>240</F>
        <F>166</F>
        <F>113</F>
        <F>255</F>
        <F>495</F>
      </Row>
      <Row index="138">
        <F>240</F>
        <F>163</F>
        <F>113</F>
        <F>255</F>
        <F>559</F>
      </Row>
      <Row index="139">
        <F>237</F>
        <F>160</F>
        <F>109</F>
        <F>255</F>
        <F>577</F>
      </Row>
      <Row index="140">
        <F>237</F>
        <F>157</F>
        <F>107</F>
        <F>255</F>
        <F>560</F>
      </Row>
      <Row index="141">
        <F>237</F>
        <F>157</F>
        <F>107</F>
        <F>255</F>
        <F>562</F>
      </Row>
      <Row index="142">
        <F>237</F>
        <F>153</F>
        <F>104</F>
        <F>255</F>
        <F>564</F>
      </Row>
      <Row index="143">
        <F>235</F>
        <F>150</F>
        <F>101</F>
        <F>255</F>
        <F>608</F>
      </Row>
      <Row index="144">
        <F>235</F>
        <F>150</F>
        <F>101</F>
        <F>255</F>
        <F>524</F>
      </Row>
      <Row index="145">
        <F>235</F>
        <F>146</F>
        <F>99</F>
        <F>255</F>
        <F>585</F>
      </Row>
      <Row index="146">
        <F>235</F>
        <F>145</F>
        <F>96</F>
        <F>255</F>
        <F>500</F>
      </Row>
      <Row index="147">
        <F>232</F>
        <F>141</F>
        <F>95</F>
        <F>255</F>
        <F>505</F>
      </Row>
      <Row index="148">
        <F>232</F>
        <F>139</F>
        <F>93</F>
        <F>255</F>
        <F>447</F>
      </Row>
      <Row index="149">
        <F>232</F>
        <F>139</F>
        <F>93</F>
        <F>255</F>
        <F>424</F>
      </Row>
      <Row index="150">
        <F>230</F>
        <F>134</F>
        <F>90</F>
        <F>255</F>
        <F>388</F>
      </Row>
      <Row index="151">
        <F>230</F>
        <F>132</F>
        <F>87</F>
        <F>255</F>
        <F>379</F>
      </Row>
      <Row index="152">
        <F>230</F>
        <F>132</F>
        <F>87</F>
        <F>255</F>
        <F>338</F>
      </Row>
      <Row index="153">
        <F>230</F>
        <F>128</F>
        <F>85</F>
        <F>255</F>
        <F>322</F>
      </Row>
      <Row index="154">
        <F>227</F>
        <F>125</F>
        <F>82</F>
        <F>255</F>
        <F>298</F>
      </Row>
      <Row index="155">
        <F>227</F>
        <F>125</F>
        <F>82</F>
        <F>255</F>
        <F>234</F>
      </Row>
      <Row index="156">
        <F>227</F>
        <F>121</F>
        <F>79</F>
        <F>255</F>
        <F>214</F>
      </Row>
      <Row index="157">
        <F>224</F>
        <F>120</F>
        <F>79</F>
        <F>255</F>
        <F>206</F>
      </Row>
      <Row index="158">
        <F>224</F>
        <F>118</F>
        <F>76</F>
        <F>255</F>
        <F>188</F>
      </Row>
      <Row index="159">
        <F>224</F>
        <F>114</F>
        <F>74</F>
        <F>255</F>
        <F>192</F>
      </Row>
      <Row index="160">
        <F>222</F>
        <F>113</F>
        <F>73</F>
        <F>255</F>
        <F>150</F>
      </Row>
      <Row index="161">
        <F>222</F>
        <F>111</F>
        <F>71</F>
        <F>255</F>
        <F>138</F>
      </Row>
      <Row index="162">
        <F>222</F>
        <F>109</F>
        <F>71</F>
        <F>255</F>
        <F>138</F>
      </Row>
      <Row index="163">
        <F>219</F>
        <F>106</F>
        <F>68</F>
        <F>255</F>
        <F>115</F>
      </Row>
      <Row index="164">
        <F>219</F>
        <F>104</F>
        <F>66</F>
        <F>255</F>
        <F>91</F>
      </Row>
      <Row index="165">
        <F>219</F>
        <F>102</F>
        <F>66</F>
        <F>255</F>
        <F>95</F>
      </Row>
      <Row index="166">
        <F>217</F>
        <F>99</F>
        <F>63</F>
        <F>255</F>
        <F>89</F>
      </Row>
      <Row index="167">
        <F>217</F>
        <F>99</F>
        <F>63</F>
        <F>255</F>
        <F>88</F>
      </Row>
      <Row index="168">
        <F>217</F>
        <F>97</F>
        <F>61</F>
        <F>255</F>
        <F>82</F>
      </Row>
      <Row index="169">
        <F>214</F>
        <F>92</F>
        <F>58</F>
        <F>255</F>
        <F>73</F>
      </Row>
      <Row index="170">
        <F>214</F>
        <F>92</F>
        <F>58</F>
        <F>255</F>
        <F>101</F>
      </Row>
      <Row index="171">
        <F>214</F>
        <F>90</F>
        <F>56</F>
        <F>255</F>
        <F>88</F>
      </Row>
      <Row index="172">
        <F>212</F>
        <F>86</F>
        <F>55</F>
        <F>255</F>
        <F>87</F>
      </Row>
      <Row index="173">
        <F>212</F>
        <F>85</F>
        <F>53</F>
        <F>255</F>
        <F>103</F>
      </Row>
      <Row index="174">
        <F>212</F>
        <F>85</F>
        <F>53</F>
        <F>255</F>
        <F>130</F>
      </Row>
      <Row index="175">
        <F>209</F>
        <F>79</F>
        <F>50</F>
        <F>255</F>
        <F>115</F>
      </Row>
      <Row index="176">
        <F>209</F>
        <F>78</F>
        <F>48</F>
        <F>255</F>
        <F>139</F>
      </Row>
      <Row index="177">
        <F>209</F>
        <F>78</F>
        <F>48</F>
        <F>255</F>
        <F>148</F>
      </Row>
      <Row index="178">
        <F>207</F>
        <F>72</F>
        <F>45</F>
        <F>255</F>
        <F>207</F>
      </Row>
      <Row index="179">
        <F>207</F>
        <F>72</F>
        <F>45</F>
        <F>255</F>
        <F>146</F>
      </Row>
      <Row index="180">
        <F>207</F>
        <F>71</F>
        <F>43</F>
        <F>255</F>
        <F>222</F>
      </Row>
      <Row index="181">
        <F>204</F>
        <F>67</F>
        <F>43</F>
        <F>255</F>
        <F>276</F>
      </Row>
      <Row index="182">
        <F>204</F>
        <F>65</F>
        <F>41</F>
        <F>255</F>
        <F>291</F>
      </Row>
      <Row index="183">
        <F>201</F>
        <F>64</F>
        <F>40</F>
        <F>255</F>
        <F>339</F>
      </Row>
      <Row index="184">
        <F>201</F>
        <F>60</F>
        <F>38</F>
        <F>255</F>
        <F>390</F>
      </Row>
      <Row index="185">
        <F>201</F>
        <F>58</F>
        <F>36</F>
        <F>255</F>
        <F>426</F>
      </Row>
      <Row index="186">
        <F>199</F>
        <F>55</F>
        <F>36</F>
        <F>255</F>
        <F>524</F>
      </Row>
      <Row index="187">
        <F>199</F>
        <F>53</F>
        <F>34</F>
        <F>255</F>
        <F>553</F>
      </Row>
      <Row index="188">
        <F>196</F>
        <F>52</F>
        <F>33</F>
        <F>255</F>
        <F>676</F>
      </Row>
      <Row index="189">
        <F>196</F>
        <F>48</F>
        <F>31</F>
        <F>255</F>
        <F>754</F>
      </Row>
      <Row index="190">
        <F>196</F>
        <F>48</F>
        <F>31</F>
        <F>255</F>
        <F>960</F>
      </Row>
      <Row index="191">
        <F>194</F>
        <F>43</F>
        <F>29</F>
        <F>255</F>
        <F>992</F>
      </Row>
      <Row index="192">
        <F>194</F>
        <F>43</F>
        <F>29</F>
        <F>255</F>
        <F>1014</F>
      </Row>
      <Row index="193">
        <F>191</F>
        <F>38</F>
        <F>27</F>
        <F>255</F>
        <F>1078</F>
      </Row>
      <Row index="194">
        <F>191</F>
        <F>38</F>
        <F>27</F>
        <F>255</F>
        <F>1137</F>
      </Row>
      <Row index="195">
        <F>191</F>
        <F>33</F>
        <F>25</F>
        <F>255</F>
        <F>1020</F>
      </Row>
      <Row index="196">
        <F>189</F>
        <F>30</F>
        <F>25</F>
        <F>255</F>
        <F>948</F>
      </Row>
      <Row index="197">
        <F>189</F>
        <F>28</F>
        <F>23</F>
        <F>255</F>
        <F>802</F>
      </Row>
      <Row index="198">
        <F>186</F>
        <F>25</F>
        <F>22</F>
        <F>255</F>
        <F>520</F>
      </Row>
      <Row index="199">
        <F>186</F>
        <F>20</F>
        <F>20</F>
        <F>255</F>
        <F>197</F>
      </Row>
      <Row index="200">
        <F>186</F>
        <F>20</F>
        <F>20</F>
        <F>255</F>
        <F>272</F>
      </Row>
      <Row index="201">
        <F>255</F>
        <F>255</F>
        <F>255</F>
        <F>255</F>
        <F>0</F>
      </Row>
      <Row index="202">
        <F>255</F>
        <F>255</F>
        <F>255</F>
        <F>255</F>
        <F>0</F>
      </Row>
      <Row index="203">
        <F>255</F>
        <F>255</F>
        <F>255</F>
        <F>255</F>
        <F>0</F>
      </Row>
      <Row index="204">
        <F>255</F>
        <F>255</F>
        <F>255</F>
        <F>255</F>
        <F>0</F>
      </Row>
      <Row index="205">
        <F>255</F>
        <F>255</F>
        <F>255</F>
        <F>255</F>
        <F>0</F>
      </Row>
      <Row index="206">
        <F>255</F>
        <F>255</F>
        <F>255</F>
        <F>255</F>
        <F>0</F>
      </Row>
      <Row index="207">
        <F>255</F>
        <F>255</F>
        <F>255</F>
        <F>255</F>
        <F>0</F>
      </Row>
      <Row index="208">
        <F>255</F>
        <F>255</F>
        <F>255</F>
        <F>255</F>
        <F>0</F>
      </Row>
      <Row index="209">
        <F>255</F>
        <F>255</F>
        <F>255</F>
        <F>255</F>
        <F>0</F>
      </Row>
      <Row index="210">
        <F>255</F>
        <F>255</F>
        <F>255</F>
        <F>255</F>
        <F>0</F>
      </Row>
      <Row index="211">
        <F>255</F>
        <F>255</F>
        <F>255</F>
        <F>255</F>
        <F>0</F>
      </Row>
      <Row index="212">
        <F>255</F>
        <F>255</F>
        <F>255</F>
        <F>255</F>
        <F>0</F>
      </Row>
      <Row index="213">
        <F>255</F>
        <F>255</F>
        <F>255</F>
        <F>255</F>
        <F>0</F>
      </Row>
      <Row index="214">
        <F>255</F>
        <F>255</F>
        <F>255</F>
        <F>255</F>
        <F>0</F>
      </Row>
      <Row index="215">
        <F>255</F>
        <F>255</F>
        <F>255</F>
        <F>255</F>
        <F>0</F>
      </Row>
      <Row index="216">
        <F>255</F>
        <F>255</F>
        <F>255</F>
        <F>255</F>
        <F>0</F>
      </Row>
      <Row index="217">
        <F>255</F>
        <F>255</F>
        <F>255</F>
        <F>255</F>
        <F>0</F>
      </Row>
      <Row index="218">
        <F>255</F>
        <F>255</F>
        <F>255</F>
        <F>255</F>
        <F>0</F>
      </Row>
      <Row index="219">
        <F>255</F>
        <F>255</F>
        <F>255</F>
        <F>255</F>
        <F>0</F>
      </Row>
      <Row index="220">
        <F>255</F>
        <F>255</F>
        <F>255</F>
        <F>255</F>
        <F>0</F>
      </Row>
      <Row index="221">
        <F>255</F>
        <F>255</F>
        <F>255</F>
        <F>255</F>
        <F>0</F>
      </Row>
      <Row index="222">
        <F>255</F>
        <F>255</F>
        <F>255</F>
        <F>255</F>
        <F>0</F>
      </Row>
      <Row index="223">
        <F>255</F>
        <F>255</F>
        <F>255</F>
        <F>255</F>
        <F>0</F>
      </Row>
      <Row index="224">
        <F>255</F>
        <F>255</F>
        <F>255</F>
        <F>255</F>
        <F>0</F>
      </Row>
      <Row index="225">
        <F>255</F>
        <F>255</F>
        <F>255</F>
        <F>255</F>
        <F>0</F>
      </Row>
      <Row index="226">
        <F>255</F>
        <F>255</F>
        <F>255</F>
        <F>255</F>
        <F>0</F>
      </Row>
      <Row index="227">
        <F>255</F>
        <F>255</F>
        <F>255</F>
        <F>255</F>
        <F>0</F>
      </Row>
      <Row index="228">
        <F>255</F>
        <F>255</F>
        <F>255</F>
        <F>255</F>
        <F>0</F>
      </Row>
      <Row index="229">
        <F>255</F>
        <F>255</F>
        <F>255</F>
        <F>255</F>
        <F>0</F>
      </Row>
      <Row index="230">
        <F>255</F>
        <F>255</F>
        <F>255</F>
        <F>255</F>
        <F>0</F>
      </Row>
      <Row index="231">
        <F>255</F>
        <F>255</F>
        <F>255</F>
        <F>255</F>
        <F>0</F>
      </Row>
      <Row index="232">
        <F>255</F>
        <F>255</F>
        <F>255</F>
        <F>255</F>
        <F>0</F>
      </Row>
      <Row index="233">
        <F>255</F>
        <F>255</F>
        <F>255</F>
        <F>255</F>
        <F>0</F>
      </Row>
      <Row index="234">
        <F>255</F>
        <F>255</F>
        <F>255</F>
        <F>255</F>
        <F>0</F>
      </Row>
      <Row index="235">
        <F>255</F>
        <F>255</F>
        <F>255</F>
        <F>255</F>
        <F>0</F>
      </Row>
      <Row index="236">
        <F>255</F>
        <F>255</F>
        <F>255</F>
        <F>255</F>
        <F>0</F>
      </Row>
      <Row index="237">
        <F>255</F>
        <F>255</F>
        <F>255</F>
        <F>255</F>
        <F>0</F>
      </Row>
      <Row index="238">
        <F>255</F>
        <F>255</F>
        <F>255</F>
        <F>255</F>
        <F>0</F>
      </Row>
      <Row index="239">
        <F>255</F>
        <F>255</F>
        <F>255</F>
        <F>255</F>
        <F>0</F>
      </Row>
      <Row index="240">
        <F>255</F>
        <F>255</F>
        <F>255</F>
        <F>255</F>
        <F>0</F>
      </Row>
      <Row index="241">
        <F>255</F>
        <F>255</F>
        <F>255</F>
        <F>255</F>
        <F>0</F>
      </Row>
      <Row index="242">
        <F>255</F>
        <F>255</F>
        <F>255</F>
        <F>255</F>
        <F>0</F>
      </Row>
      <Row index="243">
        <F>255</F>
        <F>255</F>
        <F>255</F>
        <F>255</F>
        <F>0</F>
      </Row>
      <Row index="244">
        <F>255</F>
        <F>255</F>
        <F>255</F>
        <F>255</F>
        <F>0</F>
      </Row>
      <Row index="245">
        <F>255</F>
        <F>255</F>
        <F>255</F>
        <F>255</F>
        <F>0</F>
      </Row>
      <Row index="246">
        <F>255</F>
        <F>255</F>
        <F>255</F>
        <F>255</F>
        <F>0</F>
      </Row>
      <Row index="247">
        <F>255</F>
        <F>255</F>
        <F>255</F>
        <F>255</F>
        <F>0</F>
      </Row>
      <Row index="248">
        <F>255</F>
        <F>255</F>
        <F>255</F>
        <F>255</F>
        <F>0</F>
      </Row>
      <Row index="249">
        <F>255</F>
        <F>255</F>
        <F>255</F>
        <F>255</F>
        <F>0</F>
      </Row>
      <Row index="250">
        <F>255</F>
        <F>255</F>
        <F>255</F>
        <F>255</F>
        <F>0</F>
      </Row>
      <Row index="251">
        <F>255</F>
        <F>255</F>
        <F>255</F>
        <F>255</F>
        <F>0</F>
      </Row>
      <Row index="252">
        <F>255</F>
        <F>255</F>
        <F>255</F>
        <F>255</F>
        <F>0</F>
      </Row>
      <Row index="253">
        <F>255</F>
        <F>255</F>
        <F>255</F>
        <F>255</F>
        <F>0</F>
      </Row>
      <Row index="254">
        <F>255</F>
        <F>255</F>
        <F>255</F>
        <F>255</F>
        <F>0</F>
      </Row>
      <Row index="255">
        <F>225</F>
        <F>225</F>
        <F>225</F>
        <F>255</F>
        <F>0</F>
      </Row>
    </GDALRasterAttributeTable>
  </PAMRasterBand>
</PAMDataset>
