<PAMDataset>
  <PAMRasterBand band="1">
    <Description>Layer_1</Description>
    <GDALRasterAttributeTable Row0Min="0" BinSize="1">
      <FieldDefn index="0">
        <Name>Red</Name>
        <Type>0</Type>
        <Usage>6</Usage>
      </FieldDefn>
      <FieldDefn index="1">
        <Name>Green</Name>
        <Type>0</Type>
        <Usage>7</Usage>
      </FieldDefn>
      <FieldDefn index="2">
        <Name>Blue</Name>
        <Type>0</Type>
        <Usage>8</Usage>
      </FieldDefn>
      <FieldDefn index="3">
        <Name>Opacity</Name>
        <Type>0</Type>
        <Usage>9</Usage>
      </FieldDefn>
      <FieldDefn index="4">
        <Name>Count</Name>
        <Type>0</Type>
        <Usage>0</Usage>
      </FieldDefn>
      <Row index="0">
        <F>0</F>
        <F>0</F>
        <F>0</F>
        <F>255</F>
        <F>1061144</F>
      </Row>
      <Row index="1">
        <F>209</F>
        <F>209</F>
        <F>209</F>
        <F>255</F>
        <F>77830</F>
      </Row>
      <Row index="2">
        <F>210</F>
        <F>204</F>
        <F>204</F>
        <F>255</F>
        <F>27861</F>
      </Row>
      <Row index="3">
        <F>210</F>
        <F>204</F>
        <F>204</F>
        <F>255</F>
        <F>23809</F>
      </Row>
      <Row index="4">
        <F>210</F>
        <F>197</F>
        <F>197</F>
        <F>255</F>
        <F>21715</F>
      </Row>
      <Row index="5">
        <F>210</F>
        <F>197</F>
        <F>197</F>
        <F>255</F>
        <F>20023</F>
      </Row>
      <Row index="6">
        <F>210</F>
        <F>193</F>
        <F>193</F>
        <F>255</F>
        <F>18859</F>
      </Row>
      <Row index="7">
        <F>210</F>
        <F>193</F>
        <F>193</F>
        <F>255</F>
        <F>16953</F>
      </Row>
      <Row index="8">
        <F>210</F>
        <F>193</F>
        <F>193</F>
        <F>255</F>
        <F>15963</F>
      </Row>
      <Row index="9">
        <F>210</F>
        <F>187</F>
        <F>187</F>
        <F>255</F>
        <F>14808</F>
      </Row>
      <Row index="10">
        <F>210</F>
        <F>184</F>
        <F>184</F>
        <F>255</F>
        <F>14805</F>
      </Row>
      <Row index="11">
        <F>210</F>
        <F>184</F>
        <F>184</F>
        <F>255</F>
        <F>14784</F>
      </Row>
      <Row index="12">
        <F>210</F>
        <F>184</F>
        <F>184</F>
        <F>255</F>
        <F>14438</F>
      </Row>
      <Row index="13">
        <F>212</F>
        <F>181</F>
        <F>181</F>
        <F>255</F>
        <F>13766</F>
      </Row>
      <Row index="14">
        <F>212</F>
        <F>174</F>
        <F>174</F>
        <F>255</F>
        <F>13232</F>
      </Row>
      <Row index="15">
        <F>212</F>
        <F>174</F>
        <F>174</F>
        <F>255</F>
        <F>12692</F>
      </Row>
      <Row index="16">
        <F>212</F>
        <F>172</F>
        <F>172</F>
        <F>255</F>
        <F>12398</F>
      </Row>
      <Row index="17">
        <F>212</F>
        <F>172</F>
        <F>172</F>
        <F>255</F>
        <F>11843</F>
      </Row>
      <Row index="18">
        <F>212</F>
        <F>170</F>
        <F>170</F>
        <F>255</F>
        <F>11530</F>
      </Row>
      <Row index="19">
        <F>212</F>
        <F>170</F>
        <F>170</F>
        <F>255</F>
        <F>11301</F>
      </Row>
      <Row index="20">
        <F>219</F>
        <F>168</F>
        <F>168</F>
        <F>255</F>
        <F>11020</F>
      </Row>
      <Row index="21">
        <F>219</F>
        <F>161</F>
        <F>161</F>
        <F>255</F>
        <F>10590</F>
      </Row>
      <Row index="22">
        <F>219</F>
        <F>159</F>
        <F>159</F>
        <F>255</F>
        <F>10470</F>
      </Row>
      <Row index="23">
        <F>219</F>
        <F>159</F>
        <F>159</F>
        <F>255</F>
        <F>10085</F>
      </Row>
      <Row index="24">
        <F>219</F>
        <F>158</F>
        <F>158</F>
        <F>255</F>
        <F>9989</F>
      </Row>
      <Row index="25">
        <F>219</F>
        <F>155</F>
        <F>155</F>
        <F>255</F>
        <F>9663</F>
      </Row>
      <Row index="26">
        <F>219</F>
        <F>155</F>
        <F>155</F>
        <F>255</F>
        <F>9500</F>
      </Row>
      <Row index="27">
        <F>221</F>
        <F>153</F>
        <F>153</F>
        <F>255</F>
        <F>9404</F>
      </Row>
      <Row index="28">
        <F>221</F>
        <F>146</F>
        <F>146</F>
        <F>255</F>
        <F>8996</F>
      </Row>
      <Row index="29">
        <F>221</F>
        <F>146</F>
        <F>146</F>
        <F>255</F>
        <F>8764</F>
      </Row>
      <Row index="30">
        <F>221</F>
        <F>146</F>
        <F>146</F>
        <F>255</F>
        <F>8691</F>
      </Row>
      <Row index="31">
        <F>223</F>
        <F>145</F>
        <F>145</F>
        <F>255</F>
        <F>8127</F>
      </Row>
      <Row index="32">
        <F>223</F>
        <F>136</F>
        <F>136</F>
        <F>255</F>
        <F>8168</F>
      </Row>
      <Row index="33">
        <F>223</F>
        <F>136</F>
        <F>136</F>
        <F>255</F>
        <F>7812</F>
      </Row>
      <Row index="34">
        <F>223</F>
        <F>133</F>
        <F>133</F>
        <F>255</F>
        <F>7518</F>
      </Row>
      <Row index="35">
        <F>223</F>
        <F>133</F>
        <F>133</F>
        <F>255</F>
        <F>7319</F>
      </Row>
      <Row index="36">
        <F>223</F>
        <F>130</F>
        <F>130</F>
        <F>255</F>
        <F>6926</F>
      </Row>
      <Row index="37">
        <F>223</F>
        <F>130</F>
        <F>130</F>
        <F>255</F>
        <F>6291</F>
      </Row>
      <Row index="38">
        <F>223</F>
        <F>130</F>
        <F>130</F>
        <F>255</F>
        <F>6243</F>
      </Row>
      <Row index="39">
        <F>223</F>
        <F>123</F>
        <F>123</F>
        <F>255</F>
        <F>5980</F>
      </Row>
      <Row index="40">
        <F>223</F>
        <F>121</F>
        <F>121</F>
        <F>255</F>
        <F>5799</F>
      </Row>
      <Row index="41">
        <F>223</F>
        <F>119</F>
        <F>119</F>
        <F>255</F>
        <F>6062</F>
      </Row>
      <Row index="42">
        <F>223</F>
        <F>119</F>
        <F>119</F>
        <F>255</F>
        <F>5897</F>
      </Row>
      <Row index="43">
        <F>223</F>
        <F>117</F>
        <F>117</F>
        <F>255</F>
        <F>5841</F>
      </Row>
      <Row index="44">
        <F>223</F>
        <F>117</F>
        <F>117</F>
        <F>255</F>
        <F>5687</F>
      </Row>
      <Row index="45">
        <F>225</F>
        <F>108</F>
        <F>108</F>
        <F>255</F>
        <F>5703</F>
      </Row>
      <Row index="46">
        <F>225</F>
        <F>108</F>
        <F>108</F>
        <F>255</F>
        <F>5624</F>
      </Row>
      <Row index="47">
        <F>225</F>
        <F>108</F>
        <F>108</F>
        <F>255</F>
        <F>5594</F>
      </Row>
      <Row index="48">
        <F>225</F>
        <F>108</F>
        <F>108</F>
        <F>255</F>
        <F>5566</F>
      </Row>
      <Row index="49">
        <F>232</F>
        <F>107</F>
        <F>107</F>
        <F>255</F>
        <F>5354</F>
      </Row>
      <Row index="50">
        <F>232</F>
        <F>104</F>
        <F>104</F>
        <F>255</F>
        <F>5506</F>
      </Row>
      <Row index="51">
        <F>232</F>
        <F>102</F>
        <F>102</F>
        <F>255</F>
        <F>5289</F>
      </Row>
      <Row index="52">
        <F>232</F>
        <F>95</F>
        <F>95</F>
        <F>255</F>
        <F>5115</F>
      </Row>
      <Row index="53">
        <F>232</F>
        <F>95</F>
        <F>95</F>
        <F>255</F>
        <F>5065</F>
      </Row>
      <Row index="54">
        <F>234</F>
        <F>95</F>
        <F>95</F>
        <F>255</F>
        <F>4961</F>
      </Row>
      <Row index="55">
        <F>234</F>
        <F>91</F>
        <F>91</F>
        <F>255</F>
        <F>4861</F>
      </Row>
      <Row index="56">
        <F>234</F>
        <F>91</F>
        <F>91</F>
        <F>255</F>
        <F>4794</F>
      </Row>
      <Row index="57">
        <F>234</F>
        <F>85</F>
        <F>85</F>
        <F>255</F>
        <F>4610</F>
      </Row>
      <Row index="58">
        <F>234</F>
        <F>85</F>
        <F>85</F>
        <F>255</F>
        <F>4508</F>
      </Row>
      <Row index="59">
        <F>234</F>
        <F>82</F>
        <F>82</F>
        <F>255</F>
        <F>4484</F>
      </Row>
      <Row index="60">
        <F>234</F>
        <F>81</F>
        <F>81</F>
        <F>255</F>
        <F>4267</F>
      </Row>
      <Row index="61">
        <F>235</F>
        <F>81</F>
        <F>81</F>
        <F>255</F>
        <F>4341</F>
      </Row>
      <Row index="62">
        <F>235</F>
        <F>79</F>
        <F>79</F>
        <F>255</F>
        <F>4105</F>
      </Row>
      <Row index="63">
        <F>235</F>
        <F>72</F>
        <F>72</F>
        <F>255</F>
        <F>4094</F>
      </Row>
      <Row index="64">
        <F>235</F>
        <F>70</F>
        <F>70</F>
        <F>255</F>
        <F>4062</F>
      </Row>
      <Row index="65">
        <F>235</F>
        <F>70</F>
        <F>70</F>
        <F>255</F>
        <F>3973</F>
      </Row>
      <Row index="66">
        <F>235</F>
        <F>68</F>
        <F>68</F>
        <F>255</F>
        <F>3895</F>
      </Row>
      <Row index="67">
        <F>235</F>
        <F>68</F>
        <F>68</F>
        <F>255</F>
        <F>4022</F>
      </Row>
      <Row index="68">
        <F>235</F>
        <F>59</F>
        <F>59</F>
        <F>255</F>
        <F>3758</F>
      </Row>
      <Row index="69">
        <F>235</F>
        <F>59</F>
        <F>59</F>
        <F>255</F>
        <F>3649</F>
      </Row>
      <Row index="70">
        <F>238</F>
        <F>57</F>
        <F>57</F>
        <F>255</F>
        <F>3713</F>
      </Row>
      <Row index="71">
        <F>238</F>
        <F>57</F>
        <F>57</F>
        <F>255</F>
        <F>3639</F>
      </Row>
      <Row index="72">
        <F>238</F>
        <F>57</F>
        <F>57</F>
        <F>255</F>
        <F>3588</F>
      </Row>
      <Row index="73">
        <F>238</F>
        <F>56</F>
        <F>56</F>
        <F>255</F>
        <F>3374</F>
      </Row>
      <Row index="74">
        <F>238</F>
        <F>51</F>
        <F>51</F>
        <F>255</F>
        <F>3386</F>
      </Row>
      <Row index="75">
        <F>238</F>
        <F>51</F>
        <F>51</F>
        <F>255</F>
        <F>3478</F>
      </Row>
      <Row index="76">
        <F>238</F>
        <F>51</F>
        <F>51</F>
        <F>255</F>
        <F>3366</F>
      </Row>
      <Row index="77">
        <F>238</F>
        <F>44</F>
        <F>44</F>
        <F>255</F>
        <F>3331</F>
      </Row>
      <Row index="78">
        <F>238</F>
        <F>43</F>
        <F>43</F>
        <F>255</F>
        <F>3355</F>
      </Row>
      <Row index="79">
        <F>238</F>
        <F>40</F>
        <F>40</F>
        <F>255</F>
        <F>3141</F>
      </Row>
      <Row index="80">
        <F>235</F>
        <F>130</F>
        <F>235</F>
        <F>255</F>
        <F>3150</F>
      </Row>
      <Row index="81">
        <F>234</F>
        <F>121</F>
        <F>235</F>
        <F>255</F>
        <F>3113</F>
      </Row>
      <Row index="82">
        <F>225</F>
        <F>119</F>
        <F>235</F>
        <F>255</F>
        <F>2916</F>
      </Row>
      <Row index="83">
        <F>223</F>
        <F>108</F>
        <F>235</F>
        <F>255</F>
        <F>2892</F>
      </Row>
      <Row index="84">
        <F>221</F>
        <F>108</F>
        <F>235</F>
        <F>255</F>
        <F>2871</F>
      </Row>
      <Row index="85">
        <F>212</F>
        <F>104</F>
        <F>235</F>
        <F>255</F>
        <F>2858</F>
      </Row>
      <Row index="86">
        <F>210</F>
        <F>95</F>
        <F>235</F>
        <F>255</F>
        <F>2730</F>
      </Row>
      <Row index="87">
        <F>209</F>
        <F>94</F>
        <F>235</F>
        <F>255</F>
        <F>2626</F>
      </Row>
      <Row index="88">
        <F>204</F>
        <F>85</F>
        <F>235</F>
        <F>255</F>
        <F>2522</F>
      </Row>
      <Row index="89">
        <F>197</F>
        <F>82</F>
        <F>235</F>
        <F>255</F>
        <F>2409</F>
      </Row>
      <Row index="90">
        <F>197</F>
        <F>79</F>
        <F>235</F>
        <F>255</F>
        <F>2394</F>
      </Row>
      <Row index="91">
        <F>193</F>
        <F>72</F>
        <F>235</F>
        <F>255</F>
        <F>2293</F>
      </Row>
      <Row index="92">
        <F>187</F>
        <F>68</F>
        <F>235</F>
        <F>255</F>
        <F>2321</F>
      </Row>
      <Row index="93">
        <F>184</F>
        <F>59</F>
        <F>235</F>
        <F>255</F>
        <F>2210</F>
      </Row>
      <Row index="94">
        <F>181</F>
        <F>57</F>
        <F>235</F>
        <F>255</F>
        <F>1936</F>
      </Row>
      <Row index="95">
        <F>174</F>
        <F>56</F>
        <F>235</F>
        <F>255</F>
        <F>1827</F>
      </Row>
      <Row index="96">
        <F>172</F>
        <F>51</F>
        <F>235</F>
        <F>255</F>
        <F>1563</F>
      </Row>
      <Row index="97">
        <F>170</F>
        <F>43</F>
        <F>235</F>
        <F>255</F>
        <F>1265</F>
      </Row>
      <Row index="98">
        <F>161</F>
        <F>40</F>
        <F>235</F>
        <F>255</F>
        <F>990</F>
      </Row>
      <Row index="99">
        <F>159</F>
        <F>31</F>
        <F>235</F>
        <F>255</F>
        <F>619</F>
      </Row>
      <Row index="100">
        <F>158</F>
        <F>31</F>
        <F>235</F>
        <F>255</F>
        <F>1402</F>
      </Row>
      <Row index="101">
        <F>102</F>
        <F>102</F>
        <F>102</F>
        <F>255</F>
        <F>0</F>
      </Row>
      <Row index="102">
        <F>102</F>
        <F>102</F>
        <F>102</F>
        <F>255</F>
        <F>0</F>
      </Row>
      <Row index="103">
        <F>102</F>
        <F>102</F>
        <F>102</F>
        <F>255</F>
        <F>0</F>
      </Row>
      <Row index="104">
        <F>105</F>
        <F>105</F>
        <F>105</F>
        <F>255</F>
        <F>0</F>
      </Row>
      <Row index="105">
        <F>105</F>
        <F>105</F>
        <F>105</F>
        <F>255</F>
        <F>0</F>
      </Row>
      <Row index="106">
        <F>107</F>
        <F>107</F>
        <F>107</F>
        <F>255</F>
        <F>0</F>
      </Row>
      <Row index="107">
        <F>107</F>
        <F>107</F>
        <F>107</F>
        <F>255</F>
        <F>0</F>
      </Row>
      <Row index="108">
        <F>107</F>
        <F>107</F>
        <F>107</F>
        <F>255</F>
        <F>0</F>
      </Row>
      <Row index="109">
        <F>108</F>
        <F>108</F>
        <F>108</F>
        <F>255</F>
        <F>0</F>
      </Row>
      <Row index="110">
        <F>108</F>
        <F>108</F>
        <F>108</F>
        <F>255</F>
        <F>0</F>
      </Row>
      <Row index="111">
        <F>108</F>
        <F>108</F>
        <F>108</F>
        <F>255</F>
        <F>0</F>
      </Row>
      <Row index="112">
        <F>108</F>
        <F>108</F>
        <F>108</F>
        <F>255</F>
        <F>0</F>
      </Row>
      <Row index="113">
        <F>108</F>
        <F>108</F>
        <F>108</F>
        <F>255</F>
        <F>0</F>
      </Row>
      <Row index="114">
        <F>115</F>
        <F>115</F>
        <F>115</F>
        <F>255</F>
        <F>0</F>
      </Row>
      <Row index="115">
        <F>115</F>
        <F>115</F>
        <F>115</F>
        <F>255</F>
        <F>0</F>
      </Row>
      <Row index="116">
        <F>115</F>
        <F>115</F>
        <F>115</F>
        <F>255</F>
        <F>0</F>
      </Row>
      <Row index="117">
        <F>117</F>
        <F>117</F>
        <F>117</F>
        <F>255</F>
        <F>0</F>
      </Row>
      <Row index="118">
        <F>117</F>
        <F>117</F>
        <F>117</F>
        <F>255</F>
        <F>0</F>
      </Row>
      <Row index="119">
        <F>120</F>
        <F>120</F>
        <F>120</F>
        <F>255</F>
        <F>0</F>
      </Row>
      <Row index="120">
        <F>120</F>
        <F>120</F>
        <F>120</F>
        <F>255</F>
        <F>0</F>
      </Row>
      <Row index="121">
        <F>120</F>
        <F>120</F>
        <F>120</F>
        <F>255</F>
        <F>0</F>
      </Row>
      <Row index="122">
        <F>121</F>
        <F>121</F>
        <F>121</F>
        <F>255</F>
        <F>0</F>
      </Row>
      <Row index="123">
        <F>121</F>
        <F>121</F>
        <F>121</F>
        <F>255</F>
        <F>0</F>
      </Row>
      <Row index="124">
        <F>121</F>
        <F>121</F>
        <F>121</F>
        <F>255</F>
        <F>0</F>
      </Row>
      <Row index="125">
        <F>121</F>
        <F>121</F>
        <F>121</F>
        <F>255</F>
        <F>0</F>
      </Row>
      <Row index="126">
        <F>121</F>
        <F>121</F>
        <F>121</F>
        <F>255</F>
        <F>0</F>
      </Row>
      <Row index="127">
        <F>128</F>
        <F>128</F>
        <F>128</F>
        <F>255</F>
        <F>0</F>
      </Row>
      <Row index="128">
        <F>0</F>
        <F>0</F>
        <F>0</F>
        <F>0</F>
        <F>0</F>
      </Row>
      <Row index="129">
        <F>0</F>
        <F>0</F>
        <F>0</F>
        <F>0</F>
        <F>0</F>
      </Row>
      <Row index="130">
        <F>0</F>
        <F>0</F>
        <F>0</F>
        <F>0</F>
        <F>0</F>
      </Row>
      <Row index="131">
        <F>0</F>
        <F>0</F>
        <F>0</F>
        <F>0</F>
        <F>0</F>
      </Row>
      <Row index="132">
        <F>0</F>
        <F>0</F>
        <F>0</F>
        <F>0</F>
        <F>0</F>
      </Row>
      <Row index="133">
        <F>0</F>
        <F>0</F>
        <F>0</F>
        <F>0</F>
        <F>0</F>
      </Row>
      <Row index="134">
        <F>0</F>
        <F>0</F>
        <F>0</F>
        <F>0</F>
        <F>0</F>
      </Row>
      <Row index="135">
        <F>0</F>
        <F>0</F>
        <F>0</F>
        <F>0</F>
        <F>0</F>
      </Row>
      <Row index="136">
        <F>0</F>
        <F>0</F>
        <F>0</F>
        <F>0</F>
        <F>0</F>
      </Row>
      <Row index="137">
        <F>0</F>
        <F>0</F>
        <F>0</F>
        <F>0</F>
        <F>0</F>
      </Row>
      <Row index="138">
        <F>0</F>
        <F>0</F>
        <F>0</F>
        <F>0</F>
        <F>0</F>
      </Row>
      <Row index="139">
        <F>0</F>
        <F>0</F>
        <F>0</F>
        <F>0</F>
        <F>0</F>
      </Row>
      <Row index="140">
        <F>0</F>
        <F>0</F>
        <F>0</F>
        <F>0</F>
        <F>0</F>
      </Row>
      <Row index="141">
        <F>0</F>
        <F>0</F>
        <F>0</F>
        <F>0</F>
        <F>0</F>
      </Row>
      <Row index="142">
        <F>0</F>
        <F>0</F>
        <F>0</F>
        <F>0</F>
        <F>0</F>
      </Row>
      <Row index="143">
        <F>0</F>
        <F>0</F>
        <F>0</F>
        <F>0</F>
        <F>0</F>
      </Row>
      <Row index="144">
        <F>0</F>
        <F>0</F>
        <F>0</F>
        <F>0</F>
        <F>0</F>
      </Row>
      <Row index="145">
        <F>0</F>
        <F>0</F>
        <F>0</F>
        <F>0</F>
        <F>0</F>
      </Row>
      <Row index="146">
        <F>0</F>
        <F>0</F>
        <F>0</F>
        <F>0</F>
        <F>0</F>
      </Row>
      <Row index="147">
        <F>0</F>
        <F>0</F>
        <F>0</F>
        <F>0</F>
        <F>0</F>
      </Row>
      <Row index="148">
        <F>0</F>
        <F>0</F>
        <F>0</F>
        <F>0</F>
        <F>0</F>
      </Row>
      <Row index="149">
        <F>0</F>
        <F>0</F>
        <F>0</F>
        <F>0</F>
        <F>0</F>
      </Row>
      <Row index="150">
        <F>0</F>
        <F>0</F>
        <F>0</F>
        <F>0</F>
        <F>0</F>
      </Row>
      <Row index="151">
        <F>0</F>
        <F>0</F>
        <F>0</F>
        <F>0</F>
        <F>0</F>
      </Row>
      <Row index="152">
        <F>0</F>
        <F>0</F>
        <F>0</F>
        <F>0</F>
        <F>0</F>
      </Row>
      <Row index="153">
        <F>0</F>
        <F>0</F>
        <F>0</F>
        <F>0</F>
        <F>0</F>
      </Row>
      <Row index="154">
        <F>0</F>
        <F>0</F>
        <F>0</F>
        <F>0</F>
        <F>0</F>
      </Row>
      <Row index="155">
        <F>0</F>
        <F>0</F>
        <F>0</F>
        <F>0</F>
        <F>0</F>
      </Row>
      <Row index="156">
        <F>0</F>
        <F>0</F>
        <F>0</F>
        <F>0</F>
        <F>0</F>
      </Row>
      <Row index="157">
        <F>0</F>
        <F>0</F>
        <F>0</F>
        <F>0</F>
        <F>0</F>
      </Row>
      <Row index="158">
        <F>0</F>
        <F>0</F>
        <F>0</F>
        <F>0</F>
        <F>0</F>
      </Row>
      <Row index="159">
        <F>0</F>
        <F>0</F>
        <F>0</F>
        <F>0</F>
        <F>0</F>
      </Row>
      <Row index="160">
        <F>0</F>
        <F>0</F>
        <F>0</F>
        <F>0</F>
        <F>0</F>
      </Row>
      <Row index="161">
        <F>0</F>
        <F>0</F>
        <F>0</F>
        <F>0</F>
        <F>0</F>
      </Row>
      <Row index="162">
        <F>0</F>
        <F>0</F>
        <F>0</F>
        <F>0</F>
        <F>0</F>
      </Row>
      <Row index="163">
        <F>0</F>
        <F>0</F>
        <F>0</F>
        <F>0</F>
        <F>0</F>
      </Row>
      <Row index="164">
        <F>0</F>
        <F>0</F>
        <F>0</F>
        <F>0</F>
        <F>0</F>
      </Row>
      <Row index="165">
        <F>0</F>
        <F>0</F>
        <F>0</F>
        <F>0</F>
        <F>0</F>
      </Row>
      <Row index="166">
        <F>0</F>
        <F>0</F>
        <F>0</F>
        <F>0</F>
        <F>0</F>
      </Row>
      <Row index="167">
        <F>0</F>
        <F>0</F>
        <F>0</F>
        <F>0</F>
        <F>0</F>
      </Row>
      <Row index="168">
        <F>0</F>
        <F>0</F>
        <F>0</F>
        <F>0</F>
        <F>0</F>
      </Row>
      <Row index="169">
        <F>0</F>
        <F>0</F>
        <F>0</F>
        <F>0</F>
        <F>0</F>
      </Row>
      <Row index="170">
        <F>0</F>
        <F>0</F>
        <F>0</F>
        <F>0</F>
        <F>0</F>
      </Row>
      <Row index="171">
        <F>0</F>
        <F>0</F>
        <F>0</F>
        <F>0</F>
        <F>0</F>
      </Row>
      <Row index="172">
        <F>0</F>
        <F>0</F>
        <F>0</F>
        <F>0</F>
        <F>0</F>
      </Row>
      <Row index="173">
        <F>0</F>
        <F>0</F>
        <F>0</F>
        <F>0</F>
        <F>0</F>
      </Row>
      <Row index="174">
        <F>0</F>
        <F>0</F>
        <F>0</F>
        <F>0</F>
        <F>0</F>
      </Row>
      <Row index="175">
        <F>0</F>
        <F>0</F>
        <F>0</F>
        <F>0</F>
        <F>0</F>
      </Row>
      <Row index="176">
        <F>0</F>
        <F>0</F>
        <F>0</F>
        <F>0</F>
        <F>0</F>
      </Row>
      <Row index="177">
        <F>0</F>
        <F>0</F>
        <F>0</F>
        <F>0</F>
        <F>0</F>
      </Row>
      <Row index="178">
        <F>0</F>
        <F>0</F>
        <F>0</F>
        <F>0</F>
        <F>0</F>
      </Row>
      <Row index="179">
        <F>0</F>
        <F>0</F>
        <F>0</F>
        <F>0</F>
        <F>0</F>
      </Row>
      <Row index="180">
        <F>0</F>
        <F>0</F>
        <F>0</F>
        <F>0</F>
        <F>0</F>
      </Row>
      <Row index="181">
        <F>0</F>
        <F>0</F>
        <F>0</F>
        <F>0</F>
        <F>0</F>
      </Row>
      <Row index="182">
        <F>0</F>
        <F>0</F>
        <F>0</F>
        <F>0</F>
        <F>0</F>
      </Row>
      <Row index="183">
        <F>0</F>
        <F>0</F>
        <F>0</F>
        <F>0</F>
        <F>0</F>
      </Row>
      <Row index="184">
        <F>0</F>
        <F>0</F>
        <F>0</F>
        <F>0</F>
        <F>0</F>
      </Row>
      <Row index="185">
        <F>0</F>
        <F>0</F>
        <F>0</F>
        <F>0</F>
        <F>0</F>
      </Row>
      <Row index="186">
        <F>0</F>
        <F>0</F>
        <F>0</F>
        <F>0</F>
        <F>0</F>
      </Row>
      <Row index="187">
        <F>0</F>
        <F>0</F>
        <F>0</F>
        <F>0</F>
        <F>0</F>
      </Row>
      <Row index="188">
        <F>0</F>
        <F>0</F>
        <F>0</F>
        <F>0</F>
        <F>0</F>
      </Row>
      <Row index="189">
        <F>0</F>
        <F>0</F>
        <F>0</F>
        <F>0</F>
        <F>0</F>
      </Row>
      <Row index="190">
        <F>0</F>
        <F>0</F>
        <F>0</F>
        <F>0</F>
        <F>0</F>
      </Row>
      <Row index="191">
        <F>0</F>
        <F>0</F>
        <F>0</F>
        <F>0</F>
        <F>0</F>
      </Row>
      <Row index="192">
        <F>0</F>
        <F>0</F>
        <F>0</F>
        <F>0</F>
        <F>0</F>
      </Row>
      <Row index="193">
        <F>0</F>
        <F>0</F>
        <F>0</F>
        <F>0</F>
        <F>0</F>
      </Row>
      <Row index="194">
        <F>0</F>
        <F>0</F>
        <F>0</F>
        <F>0</F>
        <F>0</F>
      </Row>
      <Row index="195">
        <F>0</F>
        <F>0</F>
        <F>0</F>
        <F>0</F>
        <F>0</F>
      </Row>
      <Row index="196">
        <F>0</F>
        <F>0</F>
        <F>0</F>
        <F>0</F>
        <F>0</F>
      </Row>
      <Row index="197">
        <F>0</F>
        <F>0</F>
        <F>0</F>
        <F>0</F>
        <F>0</F>
      </Row>
      <Row index="198">
        <F>0</F>
        <F>0</F>
        <F>0</F>
        <F>0</F>
        <F>0</F>
      </Row>
      <Row index="199">
        <F>0</F>
        <F>0</F>
        <F>0</F>
        <F>0</F>
        <F>0</F>
      </Row>
      <Row index="200">
        <F>0</F>
        <F>0</F>
        <F>0</F>
        <F>0</F>
        <F>0</F>
      </Row>
      <Row index="201">
        <F>0</F>
        <F>0</F>
        <F>0</F>
        <F>0</F>
        <F>0</F>
      </Row>
      <Row index="202">
        <F>0</F>
        <F>0</F>
        <F>0</F>
        <F>0</F>
        <F>0</F>
      </Row>
      <Row index="203">
        <F>0</F>
        <F>0</F>
        <F>0</F>
        <F>0</F>
        <F>0</F>
      </Row>
      <Row index="204">
        <F>0</F>
        <F>0</F>
        <F>0</F>
        <F>0</F>
        <F>0</F>
      </Row>
      <Row index="205">
        <F>0</F>
        <F>0</F>
        <F>0</F>
        <F>0</F>
        <F>0</F>
      </Row>
      <Row index="206">
        <F>0</F>
        <F>0</F>
        <F>0</F>
        <F>0</F>
        <F>0</F>
      </Row>
      <Row index="207">
        <F>0</F>
        <F>0</F>
        <F>0</F>
        <F>0</F>
        <F>0</F>
      </Row>
      <Row index="208">
        <F>0</F>
        <F>0</F>
        <F>0</F>
        <F>0</F>
        <F>0</F>
      </Row>
      <Row index="209">
        <F>0</F>
        <F>0</F>
        <F>0</F>
        <F>0</F>
        <F>0</F>
      </Row>
      <Row index="210">
        <F>0</F>
        <F>0</F>
        <F>0</F>
        <F>0</F>
        <F>0</F>
      </Row>
      <Row index="211">
        <F>0</F>
        <F>0</F>
        <F>0</F>
        <F>0</F>
        <F>0</F>
      </Row>
      <Row index="212">
        <F>0</F>
        <F>0</F>
        <F>0</F>
        <F>0</F>
        <F>0</F>
      </Row>
      <Row index="213">
        <F>0</F>
        <F>0</F>
        <F>0</F>
        <F>0</F>
        <F>0</F>
      </Row>
      <Row index="214">
        <F>0</F>
        <F>0</F>
        <F>0</F>
        <F>0</F>
        <F>0</F>
      </Row>
      <Row index="215">
        <F>0</F>
        <F>0</F>
        <F>0</F>
        <F>0</F>
        <F>0</F>
      </Row>
      <Row index="216">
        <F>0</F>
        <F>0</F>
        <F>0</F>
        <F>0</F>
        <F>0</F>
      </Row>
      <Row index="217">
        <F>0</F>
        <F>0</F>
        <F>0</F>
        <F>0</F>
        <F>0</F>
      </Row>
      <Row index="218">
        <F>0</F>
        <F>0</F>
        <F>0</F>
        <F>0</F>
        <F>0</F>
      </Row>
      <Row index="219">
        <F>0</F>
        <F>0</F>
        <F>0</F>
        <F>0</F>
        <F>0</F>
      </Row>
      <Row index="220">
        <F>0</F>
        <F>0</F>
        <F>0</F>
        <F>0</F>
        <F>0</F>
      </Row>
      <Row index="221">
        <F>0</F>
        <F>0</F>
        <F>0</F>
        <F>0</F>
        <F>0</F>
      </Row>
      <Row index="222">
        <F>0</F>
        <F>0</F>
        <F>0</F>
        <F>0</F>
        <F>0</F>
      </Row>
      <Row index="223">
        <F>0</F>
        <F>0</F>
        <F>0</F>
        <F>0</F>
        <F>0</F>
      </Row>
      <Row index="224">
        <F>0</F>
        <F>0</F>
        <F>0</F>
        <F>0</F>
        <F>0</F>
      </Row>
      <Row index="225">
        <F>0</F>
        <F>0</F>
        <F>0</F>
        <F>0</F>
        <F>0</F>
      </Row>
      <Row index="226">
        <F>0</F>
        <F>0</F>
        <F>0</F>
        <F>0</F>
        <F>0</F>
      </Row>
      <Row index="227">
        <F>0</F>
        <F>0</F>
        <F>0</F>
        <F>0</F>
        <F>0</F>
      </Row>
      <Row index="228">
        <F>0</F>
        <F>0</F>
        <F>0</F>
        <F>0</F>
        <F>0</F>
      </Row>
      <Row index="229">
        <F>0</F>
        <F>0</F>
        <F>0</F>
        <F>0</F>
        <F>0</F>
      </Row>
      <Row index="230">
        <F>0</F>
        <F>0</F>
        <F>0</F>
        <F>0</F>
        <F>0</F>
      </Row>
      <Row index="231">
        <F>0</F>
        <F>0</F>
        <F>0</F>
        <F>0</F>
        <F>0</F>
      </Row>
      <Row index="232">
        <F>0</F>
        <F>0</F>
        <F>0</F>
        <F>0</F>
        <F>0</F>
      </Row>
      <Row index="233">
        <F>0</F>
        <F>0</F>
        <F>0</F>
        <F>0</F>
        <F>0</F>
      </Row>
      <Row index="234">
        <F>0</F>
        <F>0</F>
        <F>0</F>
        <F>0</F>
        <F>0</F>
      </Row>
      <Row index="235">
        <F>0</F>
        <F>0</F>
        <F>0</F>
        <F>0</F>
        <F>0</F>
      </Row>
      <Row index="236">
        <F>0</F>
        <F>0</F>
        <F>0</F>
        <F>0</F>
        <F>0</F>
      </Row>
      <Row index="237">
        <F>0</F>
        <F>0</F>
        <F>0</F>
        <F>0</F>
        <F>0</F>
      </Row>
      <Row index="238">
        <F>0</F>
        <F>0</F>
        <F>0</F>
        <F>0</F>
        <F>0</F>
      </Row>
      <Row index="239">
        <F>0</F>
        <F>0</F>
        <F>0</F>
        <F>0</F>
        <F>0</F>
      </Row>
      <Row index="240">
        <F>0</F>
        <F>0</F>
        <F>0</F>
        <F>0</F>
        <F>0</F>
      </Row>
      <Row index="241">
        <F>0</F>
        <F>0</F>
        <F>0</F>
        <F>0</F>
        <F>0</F>
      </Row>
      <Row index="242">
        <F>0</F>
        <F>0</F>
        <F>0</F>
        <F>0</F>
        <F>0</F>
      </Row>
      <Row index="243">
        <F>0</F>
        <F>0</F>
        <F>0</F>
        <F>0</F>
        <F>0</F>
      </Row>
      <Row index="244">
        <F>0</F>
        <F>0</F>
        <F>0</F>
        <F>0</F>
        <F>0</F>
      </Row>
      <Row index="245">
        <F>0</F>
        <F>0</F>
        <F>0</F>
        <F>0</F>
        <F>0</F>
      </Row>
      <Row index="246">
        <F>0</F>
        <F>0</F>
        <F>0</F>
        <F>0</F>
        <F>0</F>
      </Row>
      <Row index="247">
        <F>0</F>
        <F>0</F>
        <F>0</F>
        <F>0</F>
        <F>0</F>
      </Row>
      <Row index="248">
        <F>0</F>
        <F>0</F>
        <F>0</F>
        <F>0</F>
        <F>0</F>
      </Row>
      <Row index="249">
        <F>0</F>
        <F>0</F>
        <F>0</F>
        <F>0</F>
        <F>0</F>
      </Row>
      <Row index="250">
        <F>0</F>
        <F>0</F>
        <F>0</F>
        <F>0</F>
        <F>0</F>
      </Row>
      <Row index="251">
        <F>0</F>
        <F>0</F>
        <F>0</F>
        <F>0</F>
        <F>0</F>
      </Row>
      <Row index="252">
        <F>0</F>
        <F>0</F>
        <F>0</F>
        <F>0</F>
        <F>0</F>
      </Row>
      <Row index="253">
        <F>0</F>
        <F>0</F>
        <F>0</F>
        <F>0</F>
        <F>0</F>
      </Row>
      <Row index="254">
        <F>0</F>
        <F>0</F>
        <F>0</F>
        <F>0</F>
        <F>0</F>
      </Row>
      <Row index="255">
        <F>0</F>
        <F>0</F>
        <F>0</F>
        <F>0</F>
        <F>0</F>
      </Row>
    </GDALRasterAttributeTable>
  </PAMRasterBand>
</PAMDataset>
