<?xml version="1.0" encoding="UTF-8"?><MD_Metadata xmlns:xlink="http://www.w3.org/1999/xlink" xmlns:srv="http://www.isotc211.org/2005/srv" xmlns:gts="http://www.isotc211.org/2005/gts" xmlns:xalan="http://xml.apache.org/xalan" xmlns:gco="http://www.isotc211.org/2005/gco" xmlns:gml="http://www.opengis.net/gml" xmlns:xsi="http://www.w3.org/2001/XMLSchema-instance" xmlns="http://www.isotc211.org/2005/gmd">
    <characterSet>
        <MD_CharacterSetCode codeList="http://www.isotc211.org/2005/resources/Codelist/gmxCodelists.xml#MD_CharacterSetCode" codeListValue="utf8" codeSpace="ISOTC211/19115">utf8</MD_CharacterSetCode>
    </characterSet>
    <hierarchyLevel>
        <MD_ScopeCode codeList="http://www.isotc211.org/2005/resources/Codelist/gmxCodelists.xml#MD_ScopeCode" codeListValue="dataset" codeSpace="ISOTC211/19115">dataset</MD_ScopeCode>
    </hierarchyLevel>
    <hierarchyLevelName>
        <gco:CharacterString>dataset</gco:CharacterString>
    </hierarchyLevelName>
    <contact gco:nilReason="missing"/>
    <dateStamp gco:nilReason="missing"/>
    <metadataStandardName>
        <gco:CharacterString>ISO 19139 Geographic Information - Metadata - Implementation Specification</gco:CharacterString>
    </metadataStandardName>
    <metadataStandardVersion>
        <gco:CharacterString>2007</gco:CharacterString>
    </metadataStandardVersion>
    <identificationInfo>
        <MD_DataIdentification>
            <citation>
                <CI_Citation>
                    <title>
                        <gco:CharacterString>Map</gco:CharacterString>
                    </title>
                    <date gco:nilReason="missing"/>
                </CI_Citation>
            </citation>
            <abstract>
                <gco:CharacterString>Represents &amp;quot;Carriageways,&amp;quot; which are linear features positioned along the center of the road bed that supports vehicular traffic between two at-grade intersections. Carriageways are represented as single lines, unless a street is physically divided by a median or structure. In the case of divided streets, the Carriageways appear as double-lines; one centerline for each of the road beds on either side of the divided road.Used for geocoding, linear referencing, street routing analysis, Cityworks Asset Management System, street source for Computer-Aided Dispatch System, and cartographic display of street centerlines.</gco:CharacterString>
            </abstract>
            <purpose>
                <gco:CharacterString>Road Centerlines of the city of Richmond, Virginia and the surrounding areas.</gco:CharacterString>
            </purpose>
            <credit>
                <gco:CharacterString>DPW</gco:CharacterString>
            </credit>
            <descriptiveKeywords>
                <MD_Keywords>
                    <keyword>
                        <gco:CharacterString>Centerlines</gco:CharacterString>
                    </keyword>
                    <keyword>
                        <gco:CharacterString>Streets</gco:CharacterString>
                    </keyword>
                    <keyword>
                        <gco:CharacterString>Production</gco:CharacterString>
                    </keyword>
                    <keyword>
                        <gco:CharacterString>Basemap</gco:CharacterString>
                    </keyword>
                </MD_Keywords>
            </descriptiveKeywords>
            <descriptiveKeywords>
                <MD_Keywords>
                    <keyword>
                        <gco:CharacterString>Centerlines</gco:CharacterString>
                    </keyword>
                    <keyword>
                        <gco:CharacterString>Streets</gco:CharacterString>
                    </keyword>
                    <keyword>
                        <gco:CharacterString>Production</gco:CharacterString>
                    </keyword>
                    <keyword>
                        <gco:CharacterString>Basemap</gco:CharacterString>
                    </keyword>
                </MD_Keywords>
            </descriptiveKeywords>
            <descriptiveKeywords>
                <MD_Keywords>
                    <keyword>
                        <gco:CharacterString>Centerlines</gco:CharacterString>
                    </keyword>
                    <keyword>
                        <gco:CharacterString>Streets</gco:CharacterString>
                    </keyword>
                    <keyword>
                        <gco:CharacterString>Production</gco:CharacterString>
                    </keyword>
                    <keyword>
                        <gco:CharacterString>Basemap</gco:CharacterString>
                    </keyword>
                </MD_Keywords>
            </descriptiveKeywords>
            <descriptiveKeywords>
                <MD_Keywords>
                    <keyword>
                        <gco:CharacterString>Centerlines</gco:CharacterString>
                    </keyword>
                    <keyword>
                        <gco:CharacterString>Streets</gco:CharacterString>
                    </keyword>
                    <keyword>
                        <gco:CharacterString>Production</gco:CharacterString>
                    </keyword>
                    <keyword>
                        <gco:CharacterString>Basemap</gco:CharacterString>
                    </keyword>
                </MD_Keywords>
            </descriptiveKeywords>
            <resourceConstraints>
                <MD_Constraints>
                    <useLimitation>
                        <gco:CharacterString>none</gco:CharacterString>
                    </useLimitation>
                </MD_Constraints>
            </resourceConstraints>
            <language gco:nilReason="missing"/>
            <characterSet>
                <MD_CharacterSetCode codeList="http://www.isotc211.org/2005/resources/Codelist/gmxCodelists.xml#MD_CharacterSetCode" codeListValue="utf8" codeSpace="ISOTC211/19115">utf8</MD_CharacterSetCode>
            </characterSet>
        </MD_DataIdentification>
    </identificationInfo>
</MD_Metadata>
