<?xml version="1.0"?>
<!--<!DOCTYPE metadata SYSTEM "http://www.esri.com/metadata/esriprof80.dtd">-->
<metadata xml:lang="en"><Esri><CreaDate>20190814</CreaDate><CreaTime>15003300</CreaTime><SyncOnce>TRUE</SyncOnce><DataProperties><lineage><Process Name="Project_2" ToolSource="C:\Program Files\ArcGIS\ArcToolbox\Toolboxes\Data Management Tools.tbx\Project" Date="20080523" Time="093041">Project C:\data\roads\vdotmainrd83.shp C:\data\roads\vdotmainrd_lam83.shp PROJCS['NAD_1983_Lambert_Conformal_Conic',GEOGCS['GCS_North_American_1983',DATUM['D_North_American_1983',SPHEROID['GRS_1980',6378137.0,298.257222101]],PRIMEM['Greenwich',0.0],UNIT['Degree',0.0174532925199433]],PROJECTION['Lambert_Conformal_Conic'],PARAMETER['False_Easting',0.0],PARAMETER['False_Northing',0.0],PARAMETER['Central_Meridian',-79.5],PARAMETER['Standard_Parallel_1',37.0],PARAMETER['Standard_Parallel_2',39.5],PARAMETER['Latitude_Of_Origin',36.0],UNIT['Meter',1.0]] # GEOGCS['GCS_North_American_1983',DATUM['D_North_American_1983',SPHEROID['GRS_1980',6378137.0,298.257222101]],PRIMEM['Greenwich',0.0],UNIT['Degree',0.0174532925199433]]</Process></lineage><itemProps><itemLocation><linkage Sync="TRUE">file://\\CES-LAB-PC\F$\envs521\class1\data\vector\VDOT_Main_Roads</linkage><protocol Sync="TRUE">Local Area Network</protocol></itemLocation></itemProps><copyHistory><copy source="F:\envs521\class2\data\vector\VDOT_Main_Roads" dest="\\CES-LAB-PC\F$\envs521\class1\data\vector\VDOT_Main_Roads" date="20190814" time="15003300"></copy></copyHistory></DataProperties><ArcGISstyle>FGDC CSDGM Metadata</ArcGISstyle></Esri><idinfo><citation><citeinfo><onlink Sync="TRUE">\\LFSCB0105-99\D$\envs591\Class2\data\vdotmainrd_lam83</onlink></citeinfo></citation></idinfo><distInfo><distributor><distorTran><onLineSrc><linkage Sync="TRUE">file://\\LFSCB0105-99\D$\envs591\Class2\data\vdotmainrd_lam83</linkage><protocol Sync="TRUE">Local Area Network</protocol></onLineSrc></distorTran></distributor></distInfo><dataqual><lineage><procstep><procdesc Sync="TRUE">Dataset copied.</procdesc><srcused Sync="TRUE">C:\data\roads\vdotmainrd_lam83</srcused><procdate Sync="TRUE">20091201</procdate><proctime Sync="TRUE">15494800</proctime></procstep></lineage></dataqual></metadata>
